timestamp,q_w,q_x,q_y,q_z,acc_x,acc_y,acc_z,gyr_x,gyr_y,gyr_z,space_press
15617979,0.9996719,-0.0042713843,0.0013915288,0.025218194,0.0,0.0,0.0,0.0,0.0,0.0,0
15634646,0.99967974,-0.004643317,0.000771251,0.024865715,0.03983548,-0.17640306,9.480752,1.0622292,-0.48831895,0.0054619084,0
15651313,0.9996942,-0.005442078,-7.873857e-06,0.024124281,-0.054920454,-0.17677553,9.429448,1.1571113,-0.43947554,0.018537192,0
15667980,0.99970007,-0.006216276,-1.0210705e-05,0.023689047,-0.11544865,-0.16672674,9.47273,1.0392545,-0.3890953,-0.013958921,0
15684647,0.999702,-0.006715647,0.000512274,0.023462089,-0.11338222,-0.13560101,9.432052,1.0767002,-0.31629124,-0.09239781,0
15701314,0.99970347,-0.0069189295,0.001098069,0.023329953,-0.08997044,-0.09212341,9.472115,1.0168049,-0.22932328,-0.14994955,0
15717981,0.9997046,-0.006855897,0.0015461115,0.02327091,-0.049079098,-0.04560882,9.41184,1.0520736,-0.31360188,0.022507159,0
15734648,0.9997042,-0.0065967864,0.0018145667,0.023343937,-0.024698304,0.0043926244,9.478925,1.0646878,-0.3265491,-0.048920255,0
15751315,0.99970615,-0.0061884816,0.0019488292,0.023356799,-0.020574827,0.005924045,9.433159,1.0918117,-0.3082232,-0.12906238,0
15767982,0.99971,-0.0057307016,0.0019955225,0.023307068,-0.051739376,-0.07074143,9.448207,1.0887253,-0.35112444,-0.20537542,0
15784649,0.9997125,-0.0053464477,0.0020136114,0.023286762,-0.0747677,-0.16854523,9.440009,1.0235667,-0.4062046,-0.19889542,0
15801316,0.99971414,-0.0050732708,0.0020625764,0.023273772,-0.091139995,-0.2390318,9.450331,1.1005201,-0.20730922,-0.060202654,0
15817983,0.9997149,-0.004935261,0.0021044083,0.023269057,-0.08474907,-0.23415709,9.446566,0.9965325,-0.30473992,-0.007069105,0
15834650,0.99971515,-0.004860897,0.0021372219,0.023273952,-0.053322155,-0.16567582,9.459211,1.0504856,-0.3593077,0.022404708,0
15851317,0.99971616,-0.004800662,0.002164052,0.023241438,-0.027981158,-0.10059409,9.445449,1.0456578,-0.28979492,-0.08914501,0
15867984,0.9997171,-0.004711235,0.0021613059,0.02321361,-0.00705704,-0.052520446,9.476751,1.123469,-0.3508171,-0.103961945,0
15884651,0.9997176,-0.004598816,0.0021373392,0.023221165,-0.030609492,-0.062836796,9.4545965,1.0831289,-0.34837112,-0.0086827045,0
15901318,0.9997177,-0.0044565722,0.0021106943,0.023244869,-0.079461604,-0.070759684,9.442358,1.1747713,-0.31324333,0.03138196,0
15917985,0.9997186,-0.004322098,0.002086015,0.02323718,-0.10147981,-0.0848192,9.442503,1.0575676,-0.34477258,0.020342888,0
15934652,0.9997189,-0.0041766306,0.0020729895,0.023250118,-0.11773559,-0.11740802,9.463786,1.11494,-0.3322608,0.0044886256,0
15951319,0.9997196,-0.0040479098,0.0020587088,0.023239871,-0.072098754,-0.1471516,9.4626665,1.0327617,-0.40812552,-0.058793947,0
15967986,0.99971956,-0.003919574,0.0020702374,0.023266131,-0.009489152,-0.15916191,9.449095,1.0991623,-0.22181877,-0.012204451,0
15984653,0.9997208,-0.0037958012,0.0020646467,0.023232829,-0.0016834254,-0.16235931,9.461743,1.1279128,-0.25981522,-0.028532546,0
16001320,0.9997208,-0.0036827885,0.0020318048,0.023253761,-0.032181673,-0.1250969,9.45161,1.1025562,-0.37321544,-0.0011525714,0
16017987,0.9997218,-0.0035758133,0.0019967025,0.023230247,-0.06436086,-0.095958546,9.450248,1.0650849,-0.36233008,-0.015700584,0
16034654,0.9997223,-0.0034653107,0.00196096,0.02322783,-0.12044841,-0.056503367,9.45247,1.0681584,-0.3737405,-0.07754245,0
16051321,0.99972284,-0.0033606438,0.0019354239,0.023220897,-0.11103055,-0.06731093,9.449132,0.9808063,-0.35345525,-0.093243025,0
16067988,0.9997226,-0.003240286,0.0019186486,0.023252347,-0.072222136,-0.08510532,9.45686,1.0595269,-0.32889268,-0.012204451,0
16084655,0.99972415,-0.0031140095,0.0019102528,0.023204237,-0.023954736,-0.10355129,9.457234,1.088226,-0.27333874,-0.050495442,0
16101322,0.9997244,-0.0029934202,0.0018924923,0.023209054,-0.01365767,-0.14104469,9.458612,1.0504856,-0.30431733,-0.04085226,0
16117989,0.9997253,-0.0028736945,0.0018600347,0.023189485,-0.025429746,-0.16087703,9.4479475,1.0664551,-0.37315142,-0.06570937,0
16134656,0.9997254,-0.0027546424,0.0018324475,0.02319773,-0.05752983,-0.16344337,9.470834,1.0941681,-0.31913418,0.01506667,0
16151323,0.999726,-0.0026372,0.0018046213,0.023193952,-0.090815336,-0.1286051,9.445456,1.1107779,-0.3200307,-0.017595923,0
16167990,0.9997263,-0.0025333287,0.0017864874,0.02319237,-0.08155255,-0.11451421,9.458661,1.0256413,-0.26690993,-0.0022795305,0
16184657,0.9997273,-0.0024037038,0.0017749916,0.023164658,-0.04509945,-0.083318464,9.441638,1.203163,-0.23417693,-0.10296306,0
16201324,0.9997281,-0.0022820013,0.0017500741,0.023142101,-0.03684051,-0.058748566,9.429647,1.1327024,-0.31694433,-0.076236196,0
16217991,0.9997283,-0.0021736275,0.0017150538,0.02314568,-0.035149522,-0.05066654,9.464704,1.0181496,-0.37381738,0.010597255,0
16234658,0.9997285,-0.0020492338,0.0016854814,0.02315494,-0.06617271,-0.09858967,9.45356,1.1082423,-0.32905915,-0.029083218,0
16251325,0.99972945,-0.0019266481,0.0016543794,0.023123195,-0.09604669,-0.12267604,9.454739,1.0947957,-0.3423137,-0.12870382,0
16267992,0.9997295,-0.0018065291,0.0016283469,0.02313299,-0.098550476,-0.15399565,9.464793,1.0870222,-0.31954405,-0.09130927,0
16284659,0.9997293,-0.001691566,0.0016167462,0.023153398,-0.07927241,-0.16819605,9.455436,1.0714498,-0.23139793,-0.083074786,0
16301326,0.9997299,-0.0015791402,0.0015880574,0.02313327,-0.041039627,-0.13623805,9.435595,1.0705148,-0.35349363,0.013517101,0
16317993,0.9997303,-0.0014756616,0.001561543,0.02312597,-0.03094119,-0.118786134,9.463445,1.0180472,-0.32948175,-0.041223638,0
16334660,0.9997303,-0.0013664718,0.0015470047,0.02313452,-0.036234144,-0.076206684,9.443152,1.062037,-0.23862071,-0.026163375,0
16351327,0.99973065,-0.0012471849,0.0015123711,0.023128292,-0.05093903,-0.053458292,9.444486,1.1193967,-0.3714866,-0.07213817,0
16367994,0.9997309,-0.001122423,0.0014822067,0.02312869,-0.10070686,-0.0670807,9.444139,1.1442922,-0.33934265,-0.05536185,0
16384661,0.99973154,-0.0010007865,0.0014533101,0.023101592,-0.099213324,-0.09997039,9.443838,1.1146455,-0.34039274,-0.13385198,0
16401328,0.9997318,-0.0008819306,0.0014287557,0.02309849,-0.07995766,-0.11972014,9.443651,1.0970367,-0.3189421,-0.097443506,0
16417995,0.99973196,-0.0007737843,0.0014032914,0.023096561,-0.0574968,-0.14170112,9.464652,1.0284843,-0.32725343,-0.011205556,0
16434662,0.99973196,-0.0006689125,0.0013877804,0.023102304,-0.033766437,-0.15196559,9.462493,1.0175221,-0.25678012,0.03264979,0
16451329,0.9997318,-0.0005625991,0.0013642042,0.023113092,-0.03757975,-0.13075607,9.458203,1.0378331,-0.30603334,-0.017813636,0
16467996,0.9997322,-0.0004564885,0.0013366116,0.02310158,-0.039632663,-0.120033145,9.460612,1.0421615,-0.3286237,-0.091206826,0
16484663,0.99973214,-0.00034675363,0.0013087927,0.023104308,-0.0872731,-0.09044327,9.453513,1.0708734,-0.3267668,0.0017352604,0
16501330,0.9997325,-0.00023261382,0.0012769469,0.02309294,-0.09702012,-0.06910952,9.447623,1.0988808,-0.36051154,-0.06220044,0
16517997,0.9997325,-0.00011413587,0.0012522205,0.023096949,-0.09614083,-0.061206825,9.459824,1.1246985,-0.31905743,-0.005084121,0
16534664,0.9997324,9.4546414e-07,0.0012252878,0.023104405,-0.06759748,-0.07605278,9.463755,1.0953784,-0.33981648,-0.0467944,0
16551331,0.9997331,0.00011225895,0.001201744,0.023076983,-0.043697868,-0.10602944,9.449555,1.067467,-0.3166626,-0.08301076,0
16567998,0.999733,0.00022994148,0.001173129,0.023078617,-0.041201115,-0.13357057,9.463729,1.1137234,-0.34948525,-0.052736543,0
16584665,0.9997332,0.00033979124,0.0011496752,0.023071732,-0.041967202,-0.15267666,9.4466095,1.0684144,-0.30958068,-0.10946867,0
16601332,0.99973387,0.00045022226,0.0011225453,0.023037316,-0.069016084,-0.15196994,9.457311,1.0819637,-0.33203024,-0.07851572,0
16617999,0.9997342,0.0005498559,0.0010872431,0.023022452,-0.07337936,-0.1439981,9.447859,1.0164336,-0.38825008,-0.07313706,0
16634666,0.9997342,0.0006520356,0.0010727177,0.023021644,-0.069645,-0.122982025,9.45097,1.0455168,-0.24814865,-0.020759095,0
16651333,0.9997347,0.0007512855,0.0010457737,0.022998739,-0.060821146,-0.100884266,9.44636,1.0283692,-0.33457872,-0.040032648,0
16668000,0.999735,0.0008576726,0.0010204642,0.022985524,-0.058570124,-0.07370779,9.440957,1.07962,-0.32490987,-0.0057116314,0
16684667,0.99973494,0.0009537312,0.0009898226,0.02298445,-0.060123805,-0.091181114,9.460234,1.0063294,-0.36030668,-0.045872346,0
16701334,0.99973536,0.001061813,0.0009704637,0.022965133,-0.07367989,-0.11586839,9.4488535,1.0920295,-0.2851718,-0.13412088,0
16718001,0.9997358,0.0011675826,0.0009486771,0.022940211,-0.06952793,-0.12501164,9.432878,1.0802603,-0.3035873,-0.072663225,0
16734668,0.99973637,0.0012742631,0.0009232482,0.022911914,-0.07774359,-0.12015744,9.446827,1.0918758,-0.3305575,-0.105601154,0
16751335,0.9997362,0.0013798174,0.00090248854,0.02291233,-0.048409283,-0.14671306,9.44564,1.0901982,-0.30121818,-0.04909955,0
16768002,0.9997363,0.0014820673,0.00087177445,0.022900416,-0.042158686,-0.13216902,9.452521,1.074331,-0.3678624,0.018972607,0
16784669,0.9997366,0.0015903704,0.0008428964,0.022882976,-0.047153406,-0.11788469,9.457403,1.1229826,-0.35483837,-0.029108835,0
16801336,0.9997371,0.0016827869,0.0008156533,0.02285432,-0.075694315,-0.104937956,9.477556,1.0190716,-0.3403543,-0.06067648,0
16818003,0.99973696,0.0017768721,0.00079976977,0.022852393,-0.084052935,-0.093083024,9.441585,1.036053,-0.26555246,-0.02488274,0
16834670,0.9997371,0.0018707204,0.0007789166,0.022844413,-0.08577421,-0.10517433,9.461593,1.0362194,-0.30356172,-0.10841855,0
16851337,0.99973696,0.0019648825,0.00074702455,0.022841182,-0.0730247,-0.10833798,9.435582,1.0405862,-0.3830123,-0.03738173,0
16868004,0.9997371,0.0020624383,0.0007318849,0.022823954,-0.063695244,-0.109004304,9.460302,1.0709887,-0.27052134,-0.05137907,0
16884671,0.99973696,0.0021661876,0.0007082991,0.02282426,-0.039343018,-0.12292057,9.418605,1.1170402,-0.33115938,-0.048318356,0
16901338,0.99973696,0.002259096,0.0006742899,0.022819206,-0.021385139,-0.12758559,9.440581,1.0470663,-0.3996477,-0.017723987,0
16918005,0.9997371,0.0023564415,0.00064881914,0.022802388,-0.05365843,-0.11412227,9.446349,1.0857415,-0.33868954,-0.045219216,0
16934672,0.9997368,0.002461298,0.00062720553,0.022803256,-0.08002885,-0.11214264,9.447317,1.1435623,-0.31451118,-0.07589043,0
16951339,0.9997366,0.0025694955,0.0006016381,0.022799555,-0.09440069,-0.1144142,9.438017,1.1712624,-0.3450287,0.0033104417,0
16968006,0.9997365,0.0026654373,0.000577928,0.022792736,-0.07674888,-0.09997963,9.461104,1.0930796,-0.33512932,-0.019324781,0
16984673,0.9997365,0.0027532019,0.00055909215,0.022786397,-0.054593116,-0.10368966,9.445028,1.0421871,-0.30344644,-0.046077248,0
17001340,0.99973655,0.002845804,0.0005481469,0.022772584,-0.044831045,-0.09908499,9.455398,1.0816947,-0.25038975,-0.012703898,0
17018007,0.9997367,0.0029404804,0.0005291862,0.022752667,-0.04100485,-0.102939785,9.438507,1.0994443,-0.30564913,-0.02200131,0
17034674,0.9997372,0.003025514,0.0005039777,0.02272294,-0.060210444,-0.1174308,9.442866,1.0374744,-0.34677035,-0.063942105,0
17051341,0.99973726,0.0031188696,0.00047748798,0.022701513,-0.06814447,-0.124490775,9.435288,1.1012628,-0.3588851,-0.10060668,0
17068008,0.9997377,0.003196766,0.00046455034,0.022678643,-0.0857136,-0.10520627,9.478854,1.0046004,-0.2658214,-0.13221274,0
17084675,0.99973726,0.0032819374,0.00044512405,0.022681635,-0.080449656,-0.11473233,9.473423,1.0593988,-0.31552282,-0.039059363,0
17101342,0.9997371,0.0033708035,0.00043346678,0.022676742,-0.042419177,-0.13014565,9.453951,1.0927467,-0.2654244,0.024069536,0
17118009,0.9997371,0.003457388,0.00041041817,0.022663763,-0.027130788,-0.092331305,9.442982,1.083526,-0.34405538,-0.08817171,0
17134676,0.9997373,0.0035447583,0.00039026068,0.02264323,-0.04229606,-0.0992347,9.435645,1.0943601,-0.32261756,-0.053428087,0
17151343,0.9997373,0.0036308677,0.00035527506,0.022630943,-0.0669679,-0.12116859,9.436823,1.0890968,-0.42478666,-0.04534729,0
17168010,0.9997375,0.003711067,0.0003374839,0.022603821,-0.083416365,-0.11847482,9.436968,1.0588994,-0.30844095,-0.14276518,0
17184677,0.9997372,0.0037993079,0.00032437465,0.022607822,-0.087427385,-0.12657951,9.464293,1.1224573,-0.28143233,-0.030760854,0
17201344,0.99973756,0.0038799846,0.00030114144,0.02257813,-0.063078746,-0.12842421,9.449796,1.0772508,-0.35334003,-0.080680005,0
17218011,0.9997376,0.0039575645,0.00028163538,0.022562476,-0.062572256,-0.11158938,9.443227,1.0651104,-0.32985312,-0.08312601,0
17234678,0.9997375,0.004036518,0.00026240468,0.022553569,-0.026919793,-0.111244045,9.435533,1.0817845,-0.3301989,-0.04746033,0
17251345,0.9997373,0.0041135517,0.000245537,0.02254318,-0.02998267,-0.099545576,9.4378805,1.076265,-0.31344822,-0.111223154,0
17268012,0.99973714,0.0041888333,0.00022257988,0.022541903,-0.04711632,-0.11806826,9.449249,1.0697209,-0.35439014,-0.04991915,0
17284679,0.99973685,0.0042654183,0.0002061275,0.022540187,-0.07035621,-0.09440392,9.4561205,1.087701,-0.3110022,-0.054606274,0
17301346,0.999737,0.004333754,0.000187547,0.022518639,-0.09430056,-0.11389322,9.46106,1.0369236,-0.32708696,-0.106113404,0
17318013,0.99973726,0.0044072615,0.00017669024,0.02249505,-0.08662007,-0.10605964,9.435195,1.0815668,-0.27929366,-0.0782596,0
17334680,0.9997375,0.004472578,0.00016381798,0.022470253,-0.047818497,-0.118698865,9.462375,1.0322493,-0.29673588,-0.14810543,0
17351347,0.99973714,0.0045500984,0.00015872423,0.022470443,-0.01653789,-0.13368306,9.467388,1.1257229,-0.24599716,-0.019171104,0
17368014,0.9997372,0.0046046902,0.00014204759,0.022458514,-0.027126368,-0.12320641,9.466089,0.97601664,-0.32045326,-0.024255225,0
17384681,0.9997372,0.004674573,0.00012787204,0.022445565,-0.058546826,-0.11673247,9.439408,1.0903646,-0.30582842,-0.07589043,0
17401348,0.99973756,0.0047301743,0.000106076935,0.02241984,-0.083402306,-0.105699606,9.466653,0.9994012,-0.35773256,-0.08503416,0
17418015,0.99973744,0.004799521,9.48734e-05,0.022405988,-0.08182663,-0.11304636,9.453176,1.1031199,-0.29138288,-0.06390369,0
17434682,0.99973714,0.0048733205,8.3614425e-05,0.022404553,-0.07820595,-0.10298532,9.449398,1.1419741,-0.2956474,0.0514367,0
17451349,0.99973714,0.004936411,7.717457e-05,0.022390928,-0.052553564,-0.096235946,9.446103,1.076585,-0.26533476,-0.06885975,0
17468016,0.99973696,0.005005783,6.859185e-05,0.022381756,-0.028944137,-0.094669424,9.452514,1.1265552,-0.28250805,-0.029211283,0
17484683,0.9997368,0.005061278,5.499959e-05,0.02238019,-0.04364971,-0.11242648,9.467972,1.037436,-0.31497216,-0.014330304,0
17501350,0.99973685,0.0051276204,4.2485433e-05,0.02236063,-0.038901005,-0.10490809,9.462961,1.12069,-0.31011856,-0.06248218,0
17518017,0.9997369,0.0051787924,2.471239e-05,0.022346005,-0.08101712,-0.12572485,9.45946,1.0234771,-0.3455281,-0.109801635,0
17534684,0.999737,0.0052351565,1.0389002e-05,0.02232969,-0.0800348,-0.12946673,9.453224,1.0692341,-0.3259216,-0.063826844,0
17551351,0.9997371,0.0052879555,2.4932044e-07,0.022316534,-0.07704263,-0.11619314,9.459507,1.0551215,-0.30109012,-0.10403879,0
17568018,0.9997368,0.0053422228,-9.384668e-06,0.022312507,-0.048725415,-0.116309464,9.454721,1.0741775,-0.30111572,-0.04016071,0
17584685,0.9997371,0.0054014865,-2.1752923e-05,0.0222865,-0.039940644,-0.10736678,9.452187,1.1170146,-0.3218876,-0.09594518,0
17601352,0.9997167,-0.0060185045,0.0030291092,0.022830509,-0.030465234,-0.10434008,9.459181,1.0702587,-0.27013716,-0.05473434,0
17618019,0.9997166,-0.006021279,0.0030191499,0.022836823,-0.0523126,-0.10118031,9.462819,1.0458114,-0.39151576,-0.0572828,0
17634686,0.9997166,-0.006022771,0.0030110811,0.022836803,-0.0619898,-0.12361522,9.44972,1.0548269,-0.37867093,-0.064889774,0
17651353,0.99971646,-0.0060199997,0.0030164574,0.022843968,-0.075708084,-0.111663066,9.474613,1.0870093,-0.28669572,-0.065466054,0
17668020,0.99971634,-0.006016674,0.0030258254,0.022843972,-0.07514859,-0.10964893,9.460848,1.0916836,-0.2597384,-0.09417789,0
17684687,0.999716,-0.006016493,0.0030294517,0.022863284,-0.05239377,-0.12600417,9.438606,1.06917,-0.2995789,0.008945234,0
17701354,0.999716,-0.0060125673,0.0030172407,0.022867266,-0.032287724,-0.112987086,9.43859,1.0928746,-0.40911165,-0.017583117,0
17718021,0.999716,-0.0060130586,0.003008229,0.022867363,-0.044508733,-0.12106387,9.4569,1.0634074,-0.38547114,-0.04912516,0
17734688,0.9997161,-0.00600694,0.003014282,0.022865396,-0.044823278,-0.09870129,9.45313,1.1120521,-0.2818165,-0.11885572,0
17751355,0.9997157,-0.0060035116,0.0030185585,0.022879435,-0.078975976,-0.11566221,9.450388,1.0928746,-0.2937776,-0.01922233,0
17768022,0.9997152,-0.0060099447,0.0030251448,0.022896847,-0.10534801,-0.12303789,9.458784,1.0257182,-0.2768733,-0.006889817,0
17784689,0.99971527,-0.006004456,0.003029477,0.022894049,-0.0748555,-0.11663791,9.448288,1.1081399,-0.29475096,-0.13004847,0
17801356,0.999715,-0.0060088662,0.0030294484,0.02290492,-0.04390886,-0.10841345,9.44047,1.0393826,-0.3241287,-0.03205429,0
17818023,0.9997149,-0.006015498,0.0030239448,0.022905804,-0.034326326,-0.09817985,9.444905,1.0236307,-0.3604859,-0.109852865,0
17834690,0.9997151,-0.006011274,0.0030266452,0.022902193,-0.024097601,-0.116466865,9.428911,1.099137,-0.30571315,-0.08064159,0
17851357,0.999715,-0.006011696,0.0030153072,0.022908874,-0.04732813,-0.115484565,9.479319,1.0653154,-0.40053138,-0.054900818,0
17868024,0.9997146,-0.0060082977,0.0030116101,0.022925967,-0.07728696,-0.107149825,9.460826,1.0929387,-0.34844792,-0.0101298215,0
17884691,0.9997142,-0.0060061463,0.0030129037,0.022944875,-0.06512972,-0.12987638,9.427305,1.0851525,-0.31443432,0.0021066447,0
17901358,0.9997139,-0.006002375,0.0030207916,0.02295877,-0.07603199,-0.11235347,9.469052,1.0977924,-0.26977858,0.007344442,0
17918025,0.99971396,-0.005997199,0.0030297902,0.022956122,-0.07025092,-0.11599283,9.444443,1.1080757,-0.2620947,-0.10292462,0
17934692,0.99971396,-0.0059962864,0.0030368047,0.022956302,-0.04712782,-0.09665495,9.456174,1.0787237,-0.2752469,-0.09721301,0
17951359,0.9997139,-0.005994744,0.0030360837,0.022960925,-0.03487402,-0.09487067,9.454419,1.0814385,-0.32866213,-0.04643582,0
17968026,0.9997136,-0.005991243,0.0030302058,0.022971744,-0.051471036,-0.106747776,9.453704,1.0938351,-0.36387962,-0.02595847,0
17984693,0.99971324,-0.005988194,0.0030282438,0.022986665,-0.085922346,-0.099142514,9.454609,1.0913379,-0.3369094,0.0029646696,0
18001360,0.9997134,-0.005980974,0.003036422,0.022985931,-0.07534289,-0.11369523,9.456614,1.1216248,-0.26815215,-0.0732267,0
18018027,0.999713,-0.005980418,0.0030339146,0.022998974,-0.062160447,-0.120530516,9.443183,1.0741261,-0.34116116,-0.00087083183,0
18034694,0.99971277,-0.0059815687,0.0030385763,0.02301324,-0.053845115,-0.12086333,9.432683,1.0638939,-0.29156217,-0.0043029333,0
18051361,0.9997128,-0.0059708036,0.003044119,0.023012912,-0.043978367,-0.12015418,9.46983,1.1463796,-0.28711838,-0.067617536,0
18068028,0.99971277,-0.0059642945,0.0030499294,0.023016788,-0.037188765,-0.11141657,9.464651,1.1173347,-0.28437778,-0.044783805,0
18084695,0.9997127,-0.0059563243,0.003053606,0.023017168,-0.0617038,-0.10646046,9.489547,1.1273493,-0.2984776,-0.08838942,0
18101362,0.99971265,-0.005946341,0.0030595507,0.023021875,-0.08573633,-0.110689364,9.451227,1.1415387,-0.2833917,-0.061649762,0
18118029,0.99971265,-0.0059400615,0.0030575865,0.02302605,-0.07871913,-0.10992338,9.4353485,1.1150168,-0.3374089,-0.08421455,0
18134696,0.9997119,-0.0059457193,0.0030596706,0.023051778,-0.061889965,-0.11131452,9.452448,1.0332483,-0.30891475,0.06543404,0
18151363,0.9997118,-0.005944712,0.0030621213,0.023060549,-0.050857645,-0.11969201,9.448016,1.0795815,-0.30684012,-0.047165785,0
18168030,0.99971193,-0.005948437,0.0030535313,0.023055855,-0.040114798,-0.10629636,9.451479,1.0456064,-0.38168046,-0.104973644,0
18184697,0.9997117,-0.0059474623,0.0030471508,0.023062225,-0.031770475,-0.12452727,9.467936,1.0783011,-0.36679947,-0.07299619,0
18201364,0.9997118,-0.00593805,0.003052138,0.023063451,-0.06055955,-0.11102188,9.449059,1.1385804,-0.28928262,-0.11127437,0
18218031,0.999712,-0.005941855,0.003047334,0.023055369,-0.0723661,-0.10409416,9.453951,1.0459906,-0.35491514,-0.10867468,0
18234698,0.9997119,-0.005946365,0.0030505236,0.02306096,-0.07557259,-0.11450358,9.434677,1.0423024,-0.30025765,-0.046589497,0
18251365,0.9997119,-0.005949935,0.0030601965,0.02305651,-0.080296524,-0.11093179,9.462272,1.0501655,-0.25573,-0.113310575,0
18268032,0.99971193,-0.00594645,0.003061089,0.02305491,-0.045625024,-0.11377202,9.458622,1.0976387,-0.31695715,-0.15285659,0
18284699,0.9997117,-0.0059453947,0.0030665938,0.023064405,-0.039117083,-0.12605377,9.462115,1.081285,-0.28553042,-0.037343316,0
18301366,0.9997119,-0.005943808,0.0030587579,0.023056766,-0.040238805,-0.11185734,9.439658,1.0834875,-0.37649384,-0.13823172,0
18318033,0.9997118,-0.005944203,0.0030547003,0.023058971,-0.05939477,-0.11858317,9.477455,1.0703611,-0.35025367,-0.07425121,0
18334700,0.99971163,-0.005944188,0.0030601022,0.023065517,-0.09789097,-0.10997511,9.459798,1.0747665,-0.28547913,-0.04430997,0
18351367,0.9997116,-0.005936409,0.003062226,0.0230701,-0.1109537,-0.1155879,9.45121,1.1277336,-0.3096063,-0.06955129,0
18368034,0.99971163,-0.005930895,0.0030731256,0.023068314,-0.08451074,-0.10731172,9.444592,1.1136593,-0.24980062,-0.083330914,0
18384701,0.99971175,-0.005933496,0.003073408,0.023064867,-0.04582442,-0.09773221,9.466076,1.0562868,-0.32165703,-0.10383388,0
18401368,0.9997115,-0.0059338612,0.0030792158,0.023073524,-0.028559418,-0.103780635,9.453059,1.0722693,-0.28403205,-0.042478666,0
18418035,0.9997112,-0.0059250463,0.0030924536,0.023081679,-0.045395244,-0.09591718,9.450332,1.1362242,-0.23440742,-0.004110838,0
18434702,0.9997112,-0.005925943,0.0030919884,0.023086002,-0.058781613,-0.12353047,9.459466,1.0673003,-0.32658756,-0.03799644,0
18451369,0.9997116,-0.005919124,0.0030870142,0.023073865,-0.08060766,-0.11745689,9.450063,1.1201265,-0.35824484,-0.1389617,0
18468036,0.9997114,-0.0059156287,0.0030868084,0.023076205,-0.09449311,-0.12708269,9.461767,1.0981126,-0.3253453,-0.07840048,0
18484703,0.99971116,-0.0059189196,0.0030818342,0.023091467,-0.07158813,-0.124965884,9.445002,1.0506777,-0.3581936,0.022763286,0
18501370,0.99971116,-0.005910937,0.003073506,0.023095326,-0.05856487,-0.106904306,9.449183,1.1281691,-0.38253853,-0.06924394,0
18518037,0.9997112,-0.0059053204,0.0030746432,0.023095245,-0.024149377,-0.11311287,9.451865,1.1132368,-0.31734136,-0.058025565,0
18534704,0.9997112,-0.0059081716,0.0030798314,0.02309417,-0.030127246,-0.12043411,9.461887,1.0559411,-0.28728485,-0.092474654,0
18551371,0.9997111,-0.00591309,0.0030812342,0.023099061,-0.040244672,-0.098364286,9.4572115,1.041073,-0.31302556,-0.033488605,0
18568038,0.9997109,-0.005913922,0.0030818617,0.023100046,-0.09079364,-0.12180493,9.464756,1.0690292,-0.31855795,-0.06234131,0
18584705,0.9997111,-0.005910543,0.0030720464,0.023099618,-0.09955918,-0.11611272,9.43998,1.0966144,-0.3912084,-0.08458595,0
18601372,0.9997109,-0.0059111244,0.0030660813,0.02310617,-0.07441429,-0.114912935,9.463805,1.0699385,-0.3648785,-0.037509795,0
18618039,0.9997109,-0.0059016985,0.0030713424,0.023109455,-0.056521058,-0.12605703,9.444562,1.14054,-0.28959,-0.036754224,0
18634706,0.999711,-0.005907897,0.003076128,0.02310482,-0.043147918,-0.13286576,9.464613,1.0335686,-0.28980768,-0.108200856,0
18651373,0.99971086,-0.005905531,0.0030682678,0.023105683,-0.03133958,-0.106413096,9.459521,1.0905439,-0.37814587,-0.06518432,0
18668040,0.99971074,-0.0059060785,0.0030639262,0.023112284,-0.0500736,-0.10871468,9.444857,1.0711551,-0.35305825,-0.053133544,0
18684707,0.9997105,-0.0059068934,0.0030548926,0.02312797,-0.08136628,-0.109922595,9.459278,1.0682992,-0.38559917,0.017858451,0
18701374,0.99971044,-0.005907407,0.0030484777,0.02312618,-0.09918345,-0.1049812,9.4571905,1.0710783,-0.36735013,-0.0879412,0
18718041,0.99971044,-0.005912543,0.0030474248,0.023124205,-0.09271779,-0.10410783,9.439377,1.0400356,-0.3303782,-0.07558308,0
18734708,0.9997104,-0.005920268,0.0030564584,0.023129934,-0.057617582,-0.09829723,9.433605,1.0235924,-0.26137757,-0.016801931,0
18751375,0.9997104,-0.0059149656,0.0030669277,0.02313059,-0.042307008,-0.102892004,9.447903,1.1135696,-0.2529894,-0.08187099,0
18768042,0.9997103,-0.0059121624,0.0030703153,0.023127858,-0.0379115,-0.11118302,9.448544,1.0951288,-0.30102608,-0.09342233,0
18784709,0.9997102,-0.0059075607,0.0030638843,0.023134168,-0.055478796,-0.11602222,9.438231,1.1059371,-0.3687076,-0.04835677,0
18801376,0.99971014,-0.00591178,0.0030594473,0.023137258,-0.07396188,-0.110814914,9.459103,1.0455935,-0.35374978,-0.04177431,0
18818043,0.99971,-0.0059115295,0.0030608648,0.023143573,-0.09338857,-0.124461204,9.436751,1.07711,-0.3146008,-0.010398756,0
18834710,0.99970984,-0.00592014,0.003060441,0.02315059,-0.077252634,-0.12322503,9.459789,1.0162798,-0.32596,-0.02935215,0
18851377,0.9997094,-0.0059251455,0.0030629875,0.02316976,-0.06258777,-0.09789782,9.474314,1.0415468,-0.30654562,0.035275094,0
18868044,0.9997092,-0.0059163338,0.0030788975,0.023174735,-0.06427067,-0.106171586,9.456951,1.1388367,-0.21629927,-0.063250564,0
18884711,0.99970907,-0.005916476,0.0030918673,0.023176884,-0.06225431,-0.10640894,9.454406,1.076585,-0.23545754,-0.043631233,0
18901378,0.99970907,-0.0059241992,0.0031143345,0.023173198,-0.07442159,-0.10409448,9.472989,1.0260128,-0.16889016,-0.06928236,0
18918045,0.99970883,-0.0059133186,0.0031175723,0.023188045,-0.062919036,-0.114615366,9.448047,1.1505674,-0.30449656,0.02369815,0
18934712,0.9997086,-0.0059124813,0.0031265686,0.023198405,-0.05013152,-0.12256498,9.464022,1.0827447,-0.26293996,-0.022782495,0
18951379,0.9997085,-0.005910967,0.0031169187,0.023207244,-0.05156041,-0.14045022,9.446389,1.0844865,-0.39124677,-0.014932203,0
18968046,0.9997082,-0.0059036007,0.0031232804,0.02322229,-0.052115295,-0.13961148,9.482601,1.1274005,-0.2823928,0.0397445,0
18984713,0.9997078,-0.005901283,0.0031381266,0.023231525,-0.083696954,-0.12769932,9.491552,1.0944881,-0.22274083,-0.01498343,0
19001380,0.9997075,-0.005885576,0.0031748964,0.02324384,-0.08308447,-0.124091625,9.483613,1.1901261,-0.07457138,0.011903502,0
19018047,0.9997074,-0.0058631334,0.0032114962,0.02324869,-0.10043766,-0.05646479,9.459147,1.2368437,-0.07637707,-0.06731018,0
19034714,0.9997074,-0.005853275,0.0032379034,0.023248719,-0.07102175,-0.038818263,9.367368,1.1484286,-0.14444281,-0.112695865,0
19051381,0.9997079,-0.005844211,0.0032374994,0.023231009,-0.002974105,-0.08881459,9.47241,1.1385165,-0.32784256,-0.24492146,0
19068048,0.9997076,-0.0058408137,0.003240622,0.023244532,0.0061362926,-0.13689548,9.411921,1.0992266,-0.30328,-0.03434663,0
19084715,0.9997069,-0.005825154,0.003236905,0.023278592,-0.041327313,-0.13272527,9.482655,1.1824294,-0.35207215,0.07629383,0
19101382,0.9997062,-0.005822184,0.0032333878,0.023304556,-0.092631154,-0.112381674,9.426399,1.0955255,-0.34840953,0.046122067,0
19118049,0.9997061,-0.0058284076,0.0032194906,0.02331523,-0.096834615,-0.1391411,9.499103,1.0310968,-0.41788396,-0.06480013,0
19134716,0.9997062,-0.0058323,0.003229969,0.023304643,-0.08603192,-0.15504645,9.443563,1.0517534,-0.25022325,-0.20601574,0
19151383,0.9997063,-0.005829973,0.003228326,0.023299657,-0.05126751,-0.15637423,9.494349,1.0925033,-0.33564162,-0.1079063,0
19168050,0.99970585,-0.0058264104,0.0032336495,0.02332065,-0.045893736,-0.11516102,9.443412,1.1021209,-0.2884758,0.03869438,0
19184717,0.9997055,-0.005820623,0.0032333394,0.023339208,-0.043583274,-0.05944679,9.464903,1.1166176,-0.32727906,0.02033008,0
19201384,0.9997055,-0.0058210883,0.0032384093,0.02333972,-0.058102183,-0.05042491,9.415057,1.0743823,-0.288527,-0.09202643,0
19218051,0.9997055,-0.005815675,0.0032422899,0.02333992,-0.06421599,-0.09388005,9.468729,1.1142485,-0.29733783,-0.11528275,0
19234718,0.9997053,-0.005821004,0.0032329028,0.023347473,-0.04943959,-0.13679828,9.449872,1.038089,-0.38699508,-0.074968375,0
19251385,0.99970484,-0.005817025,0.0032429781,0.023365809,-0.057643052,-0.15767173,9.465672,1.1051943,-0.2549872,-0.002484432,0
19268052,0.9997042,-0.005817098,0.0032378884,0.023394508,-0.06036652,-0.12774344,9.456981,1.0748947,-0.35921812,0.093608014,0
19284719,0.9997038,-0.005813875,0.0032383224,0.023409784,-0.065331265,-0.09856367,9.468851,1.0992906,-0.32072222,-0.042837244,0
19301386,0.99970347,-0.0058125793,0.0032389062,0.02342633,-0.06718982,-0.10171004,9.439996,1.0857928,-0.3196209,-0.017800825,0
19318053,0.9997035,-0.005812969,0.0032498247,0.02342272,-0.05167456,-0.10284469,9.441974,1.076265,-0.24757235,-0.15358655,0
19334720,0.9997036,-0.0058053704,0.0032569543,0.023422813,-0.07379203,-0.11920007,9.472016,1.1303077,-0.27510598,-0.1145656,0
19351387,0.9997033,-0.0057975394,0.0032491256,0.023436584,-0.07864209,-0.08552067,9.468263,1.1294369,-0.3783508,-0.041172415,0
19368054,0.99970263,-0.005795136,0.0032436224,0.023462966,-0.0779262,-0.067034945,9.464374,1.0919142,-0.362266,0.061848264,0
19384721,0.99970233,-0.005790994,0.0032369404,0.023479344,-0.07152584,-0.091982044,9.482631,1.1035552,-0.3703468,-0.008861994,0
19401388,0.9997022,-0.0058042556,0.0032433413,0.023482146,-0.054237597,-0.11465513,9.458629,0.986185,-0.2773343,-0.08566168,0
19418055,0.99970204,-0.0058033788,0.0032449132,0.023490937,-0.04756169,-0.14562438,9.471911,1.082668,-0.3126414,-0.07195888,0
19434722,0.9997018,-0.0058027417,0.003243305,0.02350031,-0.036212966,-0.14628728,9.461975,1.0805037,-0.33471954,-0.035486396,0
19451389,0.99970156,-0.0057924036,0.0032404945,0.023513366,-0.05020379,-0.11591266,9.438076,1.1474426,-0.34414503,-0.03978933,0
19468056,0.99970144,-0.0057891514,0.0032347522,0.023518605,-0.070841536,-0.09826259,9.478891,1.0983943,-0.3628551,-0.0832925,0
19484723,0.99970144,-0.0057889745,0.0032449935,0.023517014,-0.07911454,-0.0817755,9.446545,1.0797738,-0.25254124,-0.10738124,0
19501390,0.99970126,-0.0057876785,0.003246039,0.023523556,-0.08783895,-0.118055925,9.470604,1.0856775,-0.31611192,-0.07373895,0
19518057,0.9997009,-0.0057830703,0.0032492706,0.02354069,-0.053830348,-0.12137809,9.4298,1.1087418,-0.30208898,-0.011231168,0
19534724,0.9997006,-0.0057817185,0.003240831,0.023552949,-0.033261165,-0.12460685,9.44327,1.0845761,-0.3818213,-0.0191583,0
19551391,0.9997005,-0.0057815085,0.0032366817,0.023558121,-0.044524003,-0.13279513,9.43467,1.0775582,-0.3517648,-0.058128018,0
19568058,0.99970025,-0.005776441,0.0032296858,0.023568336,-0.062454134,-0.12365141,9.473867,1.1107138,-0.37201166,-0.037535407,0
19584725,0.99970037,-0.0057716626,0.0032299513,0.023569176,-0.06283703,-0.13043547,9.462582,1.1102273,-0.32169548,-0.10020969,0
19601392,0.99970025,-0.005901053,0.0031310702,0.023555284,-0.07336804,-0.12082704,9.456465,1.0947187,-0.3294433,-0.075109236,0
19618059,0.99970007,-0.0059015783,0.0031377843,0.02356086,-0.07465502,-0.102325104,9.455929,1.0789415,-0.2738382,-0.0768381,0
19634726,0.9997,-0.0059031653,0.003141998,0.02356555,-0.05878289,-0.070497036,9.453827,1.0710784,-0.29111394,-0.0637244,0
19651393,0.99970454,-0.0058614686,0.003163909,0.023374407,-0.106229335,-0.09081589,9.452671,1.3754979,-0.16876206,-1.3971215,0
19668060,0.999658,-0.005850141,0.0032542038,0.025286641,0.43539384,-0.0026031511,9.481067,1.1300521,0.22250403,13.044855,0
19684727,0.9994902,-0.005990309,0.0030362294,0.03121627,0.19166513,0.270141,9.46983,-0.06049755,-2.0256948,40.687557,0
19701394,0.99913585,-0.006000113,0.002992941,0.04101991,0.4711135,0.20280342,9.462793,0.781488,-1.0079527,67.42408,0
19718061,0.99838865,-0.005856285,0.0029586554,0.056365475,1.2329878,0.30457044,9.462528,1.7068529,-1.2072893,105.688,0
19734728,0.99633664,-0.005729288,0.0028791046,0.08527681,1.1520083,0.43035123,9.481951,1.2440355,-2.021381,199.22455,0
19751395,0.9925765,-0.005576049,0.0021728326,0.12147669,0.10392698,-0.9219626,9.639557,0.8428631,-6.5760264,250.15707,0
19768062,0.9865521,-0.0058582094,-0.0011767728,0.16333845,0.6470555,-1.4173658,10.005827,-4.5017443,-24.43946,290.61063,0
19784729,0.977243,-0.006958403,-0.0068060746,0.2118996,0.10240243,-0.16088535,9.449221,-12.681611,-39.285824,339.7086,0
19801396,0.9672973,-0.007023804,-0.011200115,0.25330132,-1.4133134,1.0009534,9.127485,-4.2880945,-32.175774,292.49252,0
19818063,0.95755684,-0.005610429,-0.012505012,0.28791872,0.1827847,0.46844342,8.948675,10.411424,-13.866947,247.01486,0
19834730,0.9467984,-0.0045820614,-0.0095683085,0.32165265,0.6269702,0.37706506,8.75216,16.156185,14.772296,243.40857,0
19851397,0.9358816,-0.0077760196,0.00070916757,0.35222837,-0.6531409,0.29795575,8.5812,4.687493,71.99784,223.70157,0
19868064,0.9265812,-0.006002743,0.005222769,0.37601084,-1.2690285,-0.05034676,11.047106,22.810438,23.220402,175.7675,0
19884731,0.91917306,-0.005606744,0.005688769,0.39377305,-0.50690573,-0.5784734,9.541394,3.86442,1.1662246,132.29523,0
19901398,0.9127827,-0.005371927,0.0058804597,0.40836784,-0.58771706,-0.34684741,9.455442,2.2694771,-0.051176336,109.5021,0
19918065,0.9083777,-0.005097108,0.0061798855,0.41807398,-0.53544587,-0.018509082,9.452424,3.09577,0.61008686,73.2507,0
19934732,0.9055663,-0.0050232895,0.0063572596,0.42412758,-0.46506825,0.13472417,9.4861555,1.7004459,0.48344967,45.844746,0
19951399,0.9057124,-0.0052066827,0.00626415,0.4238146,-0.13741007,-0.005738057,9.469052,-0.3104259,-0.3618946,-2.4395072,0
19968066,0.90722066,-0.0054910905,0.0059528765,0.42057723,-0.1403982,-0.24010193,9.459064,-1.4006335,-1.3799,-24.631247,0
19984733,0.91069573,-0.0058221263,0.005719251,0.41299734,-0.80209917,-0.61738276,9.451104,-1.2138256,-0.6772205,-57.40479,0
20001400,0.9162216,-0.005510179,0.005454413,0.40059707,-0.7432248,-0.5943494,9.468538,2.998552,-2.58978,-93.38805,0
20018067,0.922057,-0.005461922,0.005462622,0.38697734,0.8166374,0.59812784,9.374876,2.1502712,-0.11195721,-101.922516,0
20034734,0.9232181,-0.0056340676,0.0055982186,0.3841942,0.5557668,0.4253042,9.481978,0.5055506,1.0562757,-20.787632,0
20051401,0.92321795,-0.0056461915,0.0056003495,0.38419452,-0.1103044,-0.111914404,9.45617,1.0138338,-0.27273682,-0.051724847,0
20068068,0.9232199,-0.0056505203,0.0056029176,0.38418972,-0.1297108,-0.11676956,9.44173,1.0650464,-0.2902687,-0.08906815,0
20084735,0.9232177,-0.005656628,0.0056063663,0.38419485,-0.11373297,-0.10083676,9.460207,1.0558002,-0.2801773,-0.015367619,0
20101402,0.9232141,-0.0056630145,0.005616016,0.38420334,-0.10916039,-0.07943277,9.448044,1.0703613,-0.24001661,0.010315515,0
20118069,0.92320937,-0.0056578,0.0056257183,0.38421455,-0.07487201,-0.0721373,9.461555,1.144177,-0.2703036,0.030523935,0
20134736,0.92321205,-0.0056608976,0.0056246705,0.38420817,-0.08208764,-0.06744368,9.461252,1.0639707,-0.31580457,-0.10105491,0
20151403,0.9232119,-0.0056532705,0.0056228037,0.38420868,-0.09228553,-0.099677026,9.474686,1.1295136,-0.34917793,-0.049688637,0
20168070,0.9232152,-0.0056543746,0.0056185634,0.38420072,-0.10639139,-0.13024957,9.472082,1.0684915,-0.34076416,-0.11304165,0
20184737,0.92321396,-0.005649372,0.005621966,0.38420388,-0.11767329,-0.12849374,9.458167,1.1271573,-0.30850494,-0.029761955,0
20201404,0.9232105,-0.005653698,0.005632857,0.38421196,-0.13401094,-0.11590271,9.43539,1.0877777,-0.23635398,0.007075508,0
20218071,0.92320913,-0.005653052,0.0056429603,0.38421503,-0.12313622,-0.09627008,9.456419,1.1177638,-0.25435972,-0.02953144,0
20234738,0.923208,-0.0056627523,0.005645933,0.38421753,-0.106985725,-0.08710177,9.44768,1.0334661,-0.27222458,-0.03496134,0
20251405,0.9232118,-0.0056598554,0.0056501697,0.38420847,-0.10019779,-0.09878761,9.497637,1.1175014,-0.29712015,-0.12036689,0
20268072,0.92321116,-0.005657314,0.005642615,0.38421014,-0.084724255,-0.09763807,9.437565,1.0837053,-0.3711024,-0.041069962,0
20284739,0.92321336,-0.0056590457,0.0056444956,0.38420475,-0.092036225,-0.09786427,9.457496,1.0819509,-0.2994765,-0.0931662,0
20301406,0.9232103,-0.005662155,0.0056467545,0.38421193,-0.088284306,-0.0953069,9.460417,1.0736907,-0.2935599,0.00044181905,0
20318073,0.92321193,-0.005674004,0.0056539127,0.38420767,-0.10696834,-0.088910796,9.447421,1.0319294,-0.23885123,-0.08479084,0
20334740,0.9232145,-0.0056763417,0.0056557986,0.38420182,-0.11276724,-0.1179457,9.465136,1.0785315,-0.29722255,-0.09708493,0
20351407,0.92321223,-0.0056699067,0.0056516062,0.38420758,-0.117928416,-0.11499608,9.453154,1.1177702,-0.3591669,-0.010462788,0
20368074,0.92321056,-0.005666078,0.005644748,0.38421133,-0.11503244,-0.10695636,9.4584,1.0945266,-0.36907896,-0.025138864,0
20384741,0.92321306,-0.005670628,0.005646085,0.38420528,-0.0989871,-0.12409738,9.461771,1.0637274,-0.2946485,-0.09807102,0
20401408,0.9232199,-0.005669841,0.005644515,0.3841887,-0.086340494,-0.092612535,9.450391,1.0908,-0.32679242,-0.17668921,0
20418075,0.92321473,-0.005675694,0.005644181,0.38420123,-0.09579111,-0.09174687,9.440327,1.0504088,-0.3018713,0.039757315,0
20434742,0.9232175,-0.005672468,0.0056507797,0.38419458,-0.10076865,-0.08807822,9.4681,1.1274645,-0.28118902,-0.10239957,0
20451409,0.9232162,-0.0056777983,0.0056564254,0.38419738,-0.09309614,-0.08983058,9.446605,1.0701946,-0.26469442,-0.0320799,0
20468076,0.9232176,-0.0056759464,0.005648671,0.38419423,-0.10551637,-0.10717841,9.465598,1.0808624,-0.3684259,-0.076978974,0
20484743,0.9232221,-0.0056815203,0.005643267,0.38418326,-0.10860708,-0.11747935,9.443324,1.040484,-0.3335926,-0.13515823,0
20501410,0.9232216,-0.0056827865,0.005628629,0.38418457,-0.11090174,-0.11647618,9.465004,1.0430067,-0.40375862,-0.044271547,0
20518077,0.92322356,-0.0056863273,0.005623765,0.38418016,-0.10211833,-0.12611285,9.464951,1.0549166,-0.33550075,-0.08673741,0
20534744,0.92322594,-0.00568663,0.0056259064,0.38417432,-0.10188443,-0.10971297,9.4468,1.0942961,-0.29943806,-0.0965983,0
20551411,0.923226,-0.005689813,0.005621386,0.38417417,-0.0994437,-0.09149162,9.464104,1.0582719,-0.33407924,-0.054670304,0
20568078,0.92322284,-0.005693463,0.00561685,0.3841817,-0.09344054,-0.09325064,9.46901,1.0549039,-0.33296508,0.0026573173,0
20584745,0.9232261,-0.005695647,0.005615609,0.38417375,-0.1037871,-0.09707981,9.449774,1.0738572,-0.31543317,-0.112606235,0
20601412,0.9232261,-0.0056864438,0.0056115715,0.38417435,-0.0927282,-0.08553209,9.456304,1.1384269,-0.363393,-0.04902271,0
20618079,0.9232247,-0.005686924,0.0056114183,0.3841777,-0.10386879,-0.102165475,9.457918,1.087099,-0.31305125,-0.028225193,0
20634746,0.92277235,-0.0059405114,0.005826489,0.38525596,0.12382044,0.033962272,9.441445,-0.010001761,1.6971297,7.984358,0
20651413,0.92044926,-0.0060642534,0.0062974454,0.39076447,-0.010722872,-0.25220448,9.4440775,1.2372098,2.8717585,41.06287,0
20668080,0.9189324,-0.0056921374,0.006851279,0.39431468,-0.5131146,-0.16340576,9.419863,4.7172117,2.1112154,26.528555,0
20684747,0.9195174,-0.0052479818,0.0071742004,0.39294901,-0.7528198,0.029379552,9.499904,4.860569,0.5486562,-10.233827,0
20701414,0.9223613,-0.0051643457,0.0071596643,0.38622782,-1.8086996,0.21691903,9.446906,2.0148857,-0.53155786,-50.224632,0
20718081,0.9270314,-0.0051862835,0.007173636,0.37487954,-1.1811993,0.08602178,9.461824,1.7125531,-0.003355348,-84.42292,0
20734748,0.9324691,-0.005224729,0.0071037505,0.36114222,-0.9642376,-0.06848649,9.4377165,1.5360045,-0.45227265,-101.63409,0
20751415,0.93888366,-0.004940762,0.006854853,0.34413126,-0.9513832,-0.23496494,9.471408,3.3539948,-2.3338683,-125.04074,0
20768082,0.9491615,-0.0054208525,0.005880815,0.31468782,0.753066,-1.0953794,9.674264,-2.575852,-4.9703875,-214.52365,0
20784749,0.96107024,-0.0065368214,0.0046604243,0.2761875,0.2575496,-1.1813911,9.3119135,-6.827828,-4.9259024,-277.23087,0
20801416,0.9720928,-0.007204571,0.003965176,0.23445265,0.68877596,-0.5566729,9.397836,-2.7989676,-2.1289873,-296.9,0
20818083,0.9806189,-0.0074399626,0.0035944174,0.19575135,0.2586103,-0.100265265,9.534308,0.4066246,-0.73796654,-272.19907,0
20834750,0.9875622,-0.00799112,0.0009995835,0.15702347,-0.19345573,0.77423626,10.069876,-4.793968,-15.263402,-270.72162,0
20851417,0.99297434,-0.0093091205,-0.00386336,0.11790012,-0.16388392,0.5216908,9.507502,-12.537311,-29.8064,-271.88583,0
20868084,0.9968177,-0.008990877,-0.007959759,0.07880555,0.18941529,0.106267564,9.071081,-0.84528536,-25.941454,-270.41058,0
20884751,0.99902046,-0.010095144,-0.011091149,0.041631903,0.15044518,-0.10803251,9.441381,-10.071634,-18.761833,-256.20868,0
20901418,0.9998483,-0.010730288,-0.013445008,0.0027444614,0.024459181,-0.39825663,9.281823,-6.853324,-13.539675,-267.57645,0
20918085,0.9990635,-0.010787234,-0.015870266,-0.038782597,-0.063999884,-0.7055915,9.6111765,-3.2419026,-13.996243,-285.765,0
20934752,0.9962401,-0.012044721,-0.018017882,-0.0838819,0.7893007,-0.36111805,9.2687645,-12.105005,-12.367267,-310.71805,0
20951419,0.9917634,-0.011878312,-0.019453403,-0.12603892,1.5502836,0.18733315,9.354496,-2.53196,-7.1117964,-291.61725,0
20968086,0.98651826,-0.012559885,-0.019667467,-0.16197914,1.7538204,0.22765546,9.235798,-8.607823,-0.1204574,-249.64667,0
20984753,0.9809966,-0.011889206,-0.019116797,-0.19271488,1.4434217,0.2077623,9.218543,0.39112473,6.0927863,-214.75113,0
21001420,0.9754832,-0.0111293495,-0.017723031,-0.21907684,0.7924255,-0.038696494,9.545643,0.4479372,11.545856,-185.17055,0
21018087,0.96986216,-0.010851314,-0.01568543,-0.24290691,0.56241924,-0.24092047,9.229354,-3.4552574,14.933111,-168.23763,0
21034754,0.9651512,-0.009187503,-0.013043717,-0.2612061,0.42674106,-0.074221656,9.320032,5.4407067,20.96185,-129.93298,0
21051421,0.9620677,-0.008334289,-0.01012319,-0.27249587,-0.0039609317,-0.06632803,9.5401945,0.29114023,21.058947,-80.40095,0
21068088,0.95976716,-0.008425201,-0.00689808,-0.28058586,-0.99113584,-0.1656737,9.494752,-6.2576632,21.17445,-57.684643,0
21084755,0.957912,-0.0050733704,0.00057625695,-0.2870169,-1.3823798,0.08325841,9.78529,8.367409,55.776196,-45.795902,0
21101422,0.9572574,-0.005135848,0.00044523223,-0.2891917,-1.5784672,0.84507793,9.473183,0.91275436,-1.2107263,-15.672964,0
21118089,0.9572502,-0.0051541356,0.00048928737,-0.2892151,-0.0140021425,-0.103666976,9.438592,0.86788,-0.055182565,-0.22010274,0
21134756,0.95724875,-0.0051597697,0.00050567347,-0.28921968,-0.041302938,-0.0853708,9.449156,1.0064063,-0.21300803,-0.08595622,0
21151423,0.95724905,-0.005167827,0.0005024618,-0.28921846,-0.036991525,-0.08553829,9.449309,1.0294703,-0.34732097,-0.044770997,0
21168090,0.95724845,-0.005167352,0.00051373354,-0.2892205,-0.03526983,-0.07790092,9.464996,1.0568247,-0.2352014,-0.0679761,0
21184757,0.95724916,-0.005171427,0.0005071281,-0.2892182,-0.05040092,-0.08500374,9.445728,1.0624212,-0.36234286,-0.036767032,0
21201424,0.9572495,-0.0051723677,0.00050664257,-0.28921708,-0.044847477,-0.094365455,9.465672,1.0708863,-0.31612474,-0.0455778,0
21218091,0.95724916,-0.005177471,0.00050205784,-0.28921825,-0.039618053,-0.08906919,9.458411,1.051587,-0.35161114,-0.06204676,0
21234758,0.95724905,-0.005179806,0.0005049817,-0.2892183,-0.038737047,-0.09308005,9.472108,1.0549295,-0.29701763,-0.05402999,0
21251425,0.9572486,-0.0051846183,0.00050160324,-0.2892196,-0.008865828,-0.088637054,9.449582,1.0512028,-0.3436456,-0.06302005,0
21268092,0.95724857,-0.005182821,0.0004973007,-0.2892199,-0.04392137,-0.09749142,9.446163,1.0964988,-0.3367942,-0.05559236,0
21284759,0.9572537,-0.005181809,0.00048718473,-0.2892029,-0.030469887,-0.09383382,9.464385,1.1030685,-0.37754396,0.068200216,0
21301426,0.9572555,-0.005172192,0.0004904204,-0.28919715,-0.02877207,-0.09382361,9.446149,1.1330993,-0.27239105,-0.012089194,0
21318093,0.9572532,-0.0051704654,0.0004850132,-0.28920466,-0.044734504,-0.0891627,9.452581,1.0982918,-0.34469572,-0.10767578,0
21334760,0.9572535,-0.005171604,0.0004875952,-0.2892038,-0.030478355,-0.07941183,9.457962,1.0635737,-0.29842633,-0.04703772,0
21351427,0.9572506,-0.005159571,0.0004968051,-0.2892138,-0.02987085,-0.08831046,9.445745,1.1369923,-0.22845246,-0.124977164,0
21368094,0.95724905,-0.0051560528,0.0005031249,-0.28921854,-0.048531853,-0.09049901,9.448075,1.086766,-0.26482248,-0.08756981,0
21384761,0.9572484,-0.005150884,0.0005075342,-0.2892208,-0.043997392,-0.07752816,9.453713,1.1014805,-0.2745041,-0.06969215,0
21401428,0.9572497,-0.0051511573,0.00050067663,-0.28921652,-0.047272433,-0.085967734,9.447992,1.0880466,-0.3600249,-0.02297459,0
21418095,0.9572462,-0.005149218,0.0004965704,-0.2892282,-0.031993102,-0.080902316,9.433335,1.0969727,-0.33720398,-0.13741212,0
21434762,0.957245,-0.0051452927,0.0005013379,-0.28923222,-0.0025415854,-0.09749106,9.45949,1.0925034,-0.27536213,-0.08231922,0
21451429,0.9572485,-0.0051439577,0.0005100144,-0.2892207,-0.027365727,-0.08795489,9.4739895,1.0677613,-0.25544825,0.029755553,0
21468096,0.95724857,-0.0051461407,0.0005148629,-0.28922042,-0.031192986,-0.0954838,9.440848,1.0521634,-0.28742573,-0.051443107,0
21484763,0.9572494,-0.0051447293,0.0005174353,-0.28921774,-0.034923118,-0.09002821,9.450497,1.0804142,-0.29558337,-0.03400086,0
21501430,0.95725155,-0.0051496727,0.00051861256,-0.28921074,-0.041454207,-0.09420023,9.461307,1.041406,-0.31780237,-0.0032015876,0
21518097,0.95725,-0.005151293,0.0005222043,-0.28921592,-0.044563405,-0.06887122,9.460818,1.0583615,-0.2951351,-0.09050248,0
21534764,0.95724976,-0.005157936,0.00053650275,-0.28921613,-0.031365022,-0.094850905,9.4410925,1.0040241,-0.23507334,-0.05482398,0
21551431,0.9572513,-0.0051547405,0.00053279137,-0.28921095,-0.030590193,-0.0793217,9.465192,1.1046437,-0.33445066,-0.016225647,0
21568098,0.957251,-0.005157534,0.0005198153,-0.28921193,-0.023598049,-0.09813637,9.449477,1.083526,-0.40730602,-0.061111905,0
21584765,0.95725024,-0.005164103,0.0005244395,-0.28921437,-0.03803253,-0.096474886,9.452455,1.0237588,-0.2991051,-0.07093437,0
21601432,0.9572508,-0.0051652524,0.00052562455,-0.28921255,-0.023371117,-0.09889634,9.467031,1.0664167,-0.31132236,-0.040506486,0
21618099,0.95725244,-0.0051664994,0.0005282094,-0.28920704,-0.030239277,-0.07485879,9.459327,1.062959,-0.30265245,-0.013843664,0
21634766,0.9572537,-0.005162115,0.00052798924,-0.2892028,-0.035009734,-0.096812494,9.447686,1.1054889,-0.31008014,-0.023256332,0
21651433,0.95724964,-0.0051664487,0.00052142027,-0.2892167,-0.048600074,-0.0938395,9.45632,1.0607179,-0.3687332,-0.15331762,0
21668100,0.9572507,-0.0051662507,0.00052477693,-0.28921324,-0.051126875,-0.076364145,9.453052,1.0709887,-0.29530162,-0.028481321,0
21684767,0.95725083,-0.00516362,0.00052960473,-0.2892125,-0.041179445,-0.07903184,9.440545,1.0839102,-0.28097135,-0.048126265,0
21701434,0.95725304,-0.005164184,0.0005215447,-0.28920522,-0.01827659,-0.07933034,9.449103,1.0885588,-0.37261352,-0.0015879873,0
21718101,0.95725405,-0.0051670084,0.00052771304,-0.2892019,-0.03253075,-0.08171977,9.429213,1.0453118,-0.2834429,-0.029377764,0
21734768,0.95725316,-0.005165035,0.0005288189,-0.28920478,-0.03311178,-0.081518926,9.449854,1.0868942,-0.30719873,-0.07430244,0
21751435,0.9572511,-0.005160482,0.00051707245,-0.2892119,-0.034520023,-0.08883625,9.459871,1.1294625,-0.3867134,-0.10502488,0
21768102,0.95725113,-0.005154621,0.00050951575,-0.28921184,-0.03494707,-0.11273452,9.465612,1.1297314,-0.35700262,-0.05331283,0
21784769,0.957253,-0.0051509393,0.000511639,-0.28920576,-0.019381972,-0.09980944,9.467169,1.0962555,-0.29804218,-0.009720019,0
21801436,0.95725346,-0.0051465007,0.0005083045,-0.28920418,-0.03741234,-0.081368856,9.448017,1.1121354,-0.33244002,-0.042132888,0
21818103,0.95725447,-0.005142372,0.00051419303,-0.28920087,-0.038616236,-0.08964632,9.472641,1.0917478,-0.2726344,-0.029531443,0
21834770,0.9572538,-0.005135247,0.00052332727,-0.28920317,-0.042118266,-0.0729559,9.460632,1.1049254,-0.24533121,-0.06948725,0
21851437,0.957253,-0.0051477053,0.00051668205,-0.28920567,-0.03370507,-0.085297644,9.466363,1.0073795,-0.3883397,-0.07184362,0
21868104,0.95725214,-0.0051457384,0.0005120623,-0.2892089,-0.03588981,-0.08148419,9.463596,1.0982918,-0.3464886,-0.076735646,0
21884771,0.95725006,-0.0051396172,0.00051703025,-0.28921583,-0.028690593,-0.093535714,9.471206,1.1064365,-0.27519566,-0.1032576,0
21901438,0.9572494,-0.0051433565,0.00051435805,-0.2892179,-0.048002705,-0.09807929,9.46049,1.056812,-0.34542567,-0.06843714,0
21918105,0.95724833,-0.005145664,0.0005099891,-0.28922147,-0.03924442,-0.09862163,9.429742,1.069708,-0.35392904,-0.07939936,0
21934772,0.9572477,-0.0051592994,0.00052443566,-0.28922328,-0.037480462,-0.06350218,9.47071,0.95771015,-0.25291264,-0.06626006,0
21951439,0.9572484,-0.005153466,0.000530518,-0.289221,-0.01783031,-0.07105074,9.439755,1.1025051,-0.26958644,-0.036920704,0
21968106,0.9572462,-0.005153103,0.0005282761,-0.28922832,-0.012251246,-0.077953994,9.44501,1.082924,-0.3350269,-0.10612621,0
21984773,0.95724535,-0.0051509594,0.0005326967,-0.2892311,-0.021091804,-0.08594247,9.445008,1.0813234,-0.28791234,-0.073290735,0
22001440,0.9572466,-0.0051496113,0.000527444,-0.28922695,-0.030566482,-0.09330553,9.469472,1.095372,-0.3535449,-0.02402471,0
22018107,0.95724773,-0.0051451437,0.0005230502,-0.28922313,-0.035245445,-0.10777142,9.459317,1.114159,-0.34185272,-0.026278632,0
22034774,0.9572468,-0.0051473896,0.0005224533,-0.28922632,-0.0409283,-0.108690456,9.469508,1.0625365,-0.33013487,-0.07650513,0
22051441,0.957247,-0.005154765,0.0005262994,-0.28922525,-0.04073846,-0.10490304,9.466779,1.0200706,-0.31145045,-0.045910764,0
22068108,0.9572465,-0.005163259,0.00051940506,-0.28922665,-0.028493721,-0.09284722,9.432726,1.0341064,-0.38448507,-0.06426227,0
22084775,0.95724815,-0.0051523917,0.0005222013,-0.28922182,-0.0206605,-0.09171712,9.470843,1.1422815,-0.28259772,-0.018364305,0
22101442,0.95724815,-0.005147193,0.00051776867,-0.2892218,-0.020720707,-0.08074427,9.454921,1.119307,-0.34140447,-0.053632997,0
22118109,0.95725024,-0.0051461873,0.0005212856,-0.28921494,-0.031107347,-0.08801364,9.464048,1.0759319,-0.29779884,-0.0041748695,0
22134776,0.9572515,-0.005147848,0.00051494857,-0.2892108,-0.050500378,-0.09981169,9.459399,1.0778911,-0.36801606,-0.023973485,0
22151443,0.95725304,-0.005139249,0.00052433443,-0.28920564,-0.059211638,-0.10538663,9.463878,1.1142358,-0.24439636,-0.016148807,0
22168110,0.9572501,-0.005132498,0.00051740045,-0.28921545,-0.03386675,-0.093716815,9.441072,1.1344826,-0.35520974,-0.12442651,0
22184777,0.9572494,-0.005139908,0.00051190075,-0.2892175,-0.030301897,-0.08738779,9.441365,1.0385503,-0.37435523,-0.068449944,0
22201444,0.95724756,-0.0051432042,0.0005256228,-0.2892239,-0.028601917,-0.07864772,9.464127,1.0273446,-0.23968364,-0.098941855,0
22218111,0.9572484,-0.0051372093,0.00052828714,-0.28922108,-0.029164067,-0.08568363,9.460684,1.1104578,-0.29448202,-0.033065997,0
22234778,0.95724756,-0.005134332,0.0005285664,-0.28922382,-0.036703426,-0.100213215,9.456101,1.0946803,-0.31631678,-0.07327793,0
22251445,0.95724607,-0.0051281955,0.0005200995,-0.28922892,-0.052006472,-0.09696707,9.449002,1.1336118,-0.36749104,-0.09040002,0
22268112,0.95724714,-0.0051327106,0.00052470923,-0.28922525,-0.042965453,-0.100834005,9.465183,1.0375642,-0.30313912,-0.0272263,0
22284779,0.95724714,-0.005122655,0.0005341755,-0.28922555,-0.03377322,-0.09602568,9.439324,1.1238276,-0.24225771,-0.05514414,0
22301446,0.95724595,-0.0051171207,0.0005413014,-0.2892295,-0.02927615,-0.08042614,9.448589,1.0987142,-0.26669222,-0.08203747,0
22318113,0.9572439,-0.005112792,0.0005477883,-0.28923616,-0.019243464,-0.066920444,9.441107,1.0920678,-0.2733131,-0.101144545,0
22334780,0.9572439,-0.005111008,0.00054730516,-0.2892365,-0.012162673,-0.08424633,9.451516,1.0890583,-0.3246153,-0.055720422,0
22351447,0.9572469,-0.0051152995,0.0005404659,-0.28922662,-0.008452717,-0.092514984,9.454124,1.0617808,-0.3789655,0.017102879,0
22368114,0.9572483,-0.005114288,0.00054069347,-0.28922206,-0.035198413,-0.09266926,9.449041,1.0826424,-0.32179797,-0.020797515,0
22384781,0.95724887,-0.0051063835,0.0005295368,-0.2892203,-0.043595936,-0.09290145,9.479144,1.1506441,-0.38307634,-0.041236445,0
22401448,0.95724905,-0.005109021,0.0005387781,-0.28921944,-0.040663768,-0.10583406,9.442873,1.0407015,-0.26994503,-0.04730665,0
22418115,0.95724636,-0.0051081334,0.00053893484,-0.2892283,-0.046143226,-0.09573923,9.458204,1.0820019,-0.3225535,-0.11705004,0
22434782,0.9572465,-0.005108208,0.00054050103,-0.28922793,-0.029640589,-0.07579771,9.462004,1.0728967,-0.3157149,-0.050994884,0
22451449,0.95724875,-0.0051003895,0.0005399481,-0.28922048,-0.030905595,-0.080488555,9.455629,1.1290398,-0.3143703,-0.0005250604,0
22468116,0.95724976,-0.0050975974,0.0005345046,-0.28921714,-0.0331357,-0.09357041,9.472324,1.1056553,-0.35655436,-0.029851599,0
22484783,0.9572488,-0.005096894,0.0005359258,-0.28922036,-0.039305925,-0.1041847,9.449075,1.0781986,-0.3154204,-0.07660759,0
22501450,0.9572457,-0.0050947173,0.00052973203,-0.28923053,-0.0632398,-0.103807606,9.456379,1.103107,-0.36253494,-0.12698776,0
22518117,0.95724326,-0.0050970837,0.0005382732,-0.28923902,-0.053714752,-0.08785308,9.462603,1.0438905,-0.2748883,-0.1143223,0
22534784,0.9572439,-0.005102433,0.0005320905,-0.2892369,-0.0313824,-0.09301961,9.465141,1.0536745,-0.37833798,-0.038559917,0
22551451,0.95724356,-0.005105897,0.000539305,-0.28923756,-0.01785425,-0.089321405,9.465237,1.0395106,-0.28643966,-0.058140833,0
22568118,0.95724535,-0.0050953957,0.0005341272,-0.28923187,-0.032381937,-0.093598306,9.462758,1.1559844,-0.34055927,-0.012857575,0
22584785,0.95724547,-0.0050887004,0.00054567645,-0.28923154,-0.029023759,-0.08892429,9.457952,1.0977411,-0.23796758,-0.050649114,0
22601452,0.95724535,-0.0050890925,0.00055324467,-0.28923193,-0.035119258,-0.08279841,9.460512,1.0589763,-0.27837163,-0.056117423,0
22618119,0.95724803,-0.0050939587,0.00054625527,-0.28922305,-0.040194396,-0.10545288,9.439952,1.058528,-0.38356295,0.009534327,0
22634786,0.9572519,-0.005094446,0.0005589073,-0.28921035,-0.036689304,-0.08535361,9.468567,1.0484366,-0.2458819,0.03804126,0
22651453,0.9572538,-0.005096051,0.00055876706,-0.2892039,-0.036962796,-0.090270855,9.453497,1.0664424,-0.3322095,-0.0077990666,0
22668120,0.95725787,-0.0050930455,0.0005590023,-0.28919038,-0.026212558,-0.08192818,9.479286,1.096089,-0.32099116,0.043381505,0
22684787,0.9572599,-0.0050960146,0.0005577748,-0.28918406,-0.04970353,-0.10158246,9.455463,1.0595908,-0.34233934,-0.008439384,0
22701454,0.95725894,-0.005105147,0.00053123146,-0.28918704,-0.07843643,-0.057309758,9.088838,1.0693367,-0.52106476,-0.07605691,0
22718121,0.9572542,-0.0051038987,0.000537041,-0.28920296,-0.06645009,-0.047741022,9.851737,1.0731657,-0.28731045,-0.16758388,0
22734788,0.9572519,-0.005117394,0.00053817424,-0.2892097,-0.013720876,-0.111211374,9.383292,0.9853013,-0.34797412,-0.102642894,0
22751455,0.957255,-0.0051006065,0.00057074934,-0.2891997,0.0022316496,-0.21465841,9.552765,1.1223549,-0.08149961,0.019420827,0
22768122,0.9572627,-0.0051014465,0.00057330856,-0.28917468,0.0013591012,-0.18574823,9.38713,1.0665448,-0.31463924,0.12634104,0
22784789,0.95726633,-0.0050881244,0.0005975071,-0.28916284,-0.043084454,-0.10100171,9.504834,1.116925,-0.1436104,0.03239366,1
22801456,0.95726055,-0.0050920094,0.00058905943,-0.28918153,-0.035007052,-0.014049813,9.424639,1.0684786,-0.39173347,-0.18848388,0
22818123,0.95724887,-0.0050848625,0.0006057174,-0.28922024,0.024381006,0.0014195711,9.475862,1.0908,-0.20397954,-0.33109534,0
22834790,0.9572454,-0.0050915745,0.000586244,-0.2892315,0.025421927,-0.0217424,9.448523,1.0712832,-0.4702491,-0.13527347,0
22851457,0.95725435,-0.0050687618,0.00059500756,-0.28920224,-0.050076116,-0.043098256,9.423089,1.2094253,-0.227095,0.15678173,0
22868124,0.95726115,-0.005069211,0.00057346496,-0.28917998,-0.14041483,-0.09581758,9.501254,1.1164768,-0.47273356,0.10541547,0
22884791,0.9572601,-0.005059253,0.00057773903,-0.28918377,-0.1336884,-0.12731445,9.413153,1.133458,-0.28165007,-0.08051352,0
22901458,0.95725363,-0.0050723874,0.0005741563,-0.28920493,-0.054885965,-0.17472596,9.495711,0.9971215,-0.37911916,-0.20569558,0
22918125,0.95724994,-0.0050669825,0.000592372,-0.2892173,0.076475464,-0.16926269,9.427801,1.0761496,-0.1992924,-0.142048,0
22934792,0.95725536,-0.005064191,0.0005919722,-0.28919935,0.11163199,-0.11888725,9.493372,1.0964541,-0.32785538,0.075032406,0
22951459,0.9572605,-0.005044925,0.00059895025,-0.28918263,0.02102564,-0.03327216,9.392698,1.1902286,-0.24613807,0.06686836,0
22968126,0.95726275,-0.0050439397,0.0005892045,-0.2891751,-0.09082527,-0.019624567,9.507327,1.1029148,-0.39216885,0.00018569206,0
22984793,0.95725876,-0.005045234,0.00058149785,-0.28918824,-0.13755852,-0.073104806,9.404582,1.0835388,-0.382833,-0.14833593,0
23001460,0.9572541,-0.0050470787,0.00058716466,-0.28920367,-0.1263224,-0.11088825,9.529105,1.053303,-0.2962877,-0.16427985,0
23018127,0.95725244,-0.005051439,0.00059638603,-0.28920904,-0.03802025,-0.12049341,9.407471,1.0297778,-0.27866617,-0.09206486,0
23034794,0.95725566,-0.0050447755,0.0006079641,-0.2891984,-0.008859099,-0.099832304,9.473189,1.0978435,-0.24195036,0.023377988,0
23051461,0.9572574,-0.0050387434,0.00061261747,-0.289193,8.853109e-05,-0.049213763,9.405041,1.1074612,-0.28861672,-0.014637659,0
23068128,0.9572541,-0.0050359555,0.00060825306,-0.2892038,0.038087618,-0.06852798,9.459471,1.1038754,-0.35382667,-0.13139315,0
23084795,0.95725024,-0.005032021,0.00059231,-0.28921664,0.03456393,-0.11960514,9.453996,1.1343673,-0.42755276,-0.14645343,0
23101462,0.9572535,-0.005021005,0.00060736417,-0.28920582,-0.012921663,-0.1468953,9.476547,1.1195118,-0.21021621,0.0246074,0
23118129,0.9572568,-0.0050140154,0.0006014389,-0.28919545,-0.06953154,-0.13010879,9.451322,1.1350331,-0.35631108,0.020791108,0
23134796,0.95725906,-0.005014642,0.0006052453,-0.289188,-0.12897295,-0.08726426,9.482392,1.0655972,-0.30753168,-0.00016648254,0
23151463,0.95725334,-0.005015227,0.00059863017,-0.28920683,-0.106774755,-0.062566616,9.431945,1.0864844,-0.3755078,-0.1891242,0
23168130,0.957249,-0.005016412,0.000605949,-0.28922132,-0.037892718,-0.043817334,9.455123,1.0547886,-0.28549194,-0.15735161,0
23184797,0.9572475,-0.005022712,0.00060307316,-0.2892262,0.019060247,-0.06497545,9.44061,1.0413163,-0.36321366,-0.08913219,0
23201464,0.95724857,-0.0050133686,0.000601379,-0.28922275,0.026473917,-0.08010079,9.455272,1.1418589,-0.32455134,-0.028993577,0
23218131,0.95725185,-0.0050061173,0.0006081364,-0.2892118,-0.016682714,-0.103669494,9.472402,1.1112901,-0.2732747,0.024761077,0
23234798,0.95725,-0.004995134,0.0006200328,-0.2892181,-0.054863095,-0.10810265,9.466002,1.1255692,-0.23147477,-0.098327145,0
23251465,0.9572421,-0.004987303,0.00061213534,-0.2892444,-0.0635704,-0.13778865,9.477039,1.1441513,-0.3674526,-0.24279559,0
23268132,0.9572398,-0.0049834796,0.00060624076,-0.2892519,-0.038424525,-0.106408164,9.450853,1.114082,-0.363124,-0.10739405,0
23284799,0.9572396,-0.0049875216,0.0006022597,-0.28925285,-0.027035872,-0.06313063,9.465407,1.0586817,-0.3664921,-0.060497195,0
23301466,0.9572412,-0.0049789976,0.0006007482,-0.2892479,-0.015077591,-0.037097976,9.433645,1.1364034,-0.32553744,-0.017916085,0
23318133,0.9572403,-0.004974183,0.00059547066,-0.28925076,-0.016370011,-0.017435374,9.437798,1.119243,-0.35747647,-0.07425122,0
23334800,0.95724076,-0.0049706134,0.00058844336,-0.2892492,-0.017810404,-0.086377785,9.448115,1.1143893,-0.37165305,-0.0427604,0
23351467,0.95723814,-0.004968514,0.0005829444,-0.28925774,-0.019467728,-0.15359384,9.482941,1.1015574,-0.36421257,-0.115269944,0
23368134,0.9572405,-0.004969357,0.0005809804,-0.28925025,-0.02975046,-0.16940819,9.434174,1.0755348,-0.34741065,-0.00012806349,0
23384801,0.9572431,-0.004966377,0.0005841188,-0.2892417,-0.061005257,-0.14431153,9.463996,1.0908002,-0.3063535,0.0074596987,0
23401468,0.95724225,-0.0049674967,0.0005887,-0.28924453,-0.049472507,-0.07753746,9.458058,1.0610253,-0.30479115,-0.073969476,0
23418135,0.9572396,-0.0049682893,0.00059262477,-0.2892529,-0.026832366,-0.04416295,9.463133,1.0644189,-0.3084153,-0.11366916,0
23434802,0.9572358,-0.004966455,0.0005878067,-0.2892654,0.0037936692,-0.029408215,9.442634,1.0989704,-0.36063963,-0.14372566,0
23451469,0.9572372,-0.004966692,0.0005856798,-0.28926083,-0.036541212,-0.05117994,9.442841,1.0799147,-0.34762838,-0.021002416,0
23468136,0.95723575,-0.004960699,0.0005770687,-0.2892661,-0.068496026,-0.07197317,9.456809,1.1336758,-0.3776593,-0.09156541,0
23484803,0.9572342,-0.0049527916,0.000577858,-0.2892714,-0.07972291,-0.0997188,9.472404,1.127503,-0.31218037,-0.09169345,0
23501470,0.95723,-0.0049506226,0.0005792678,-0.2892853,-0.054718517,-0.12297521,9.482759,1.0884308,-0.31945437,-0.1535225,0
23518137,0.95722705,-0.0049433955,0.0005845567,-0.28929502,-0.005356505,-0.14514978,9.476728,1.1140819,-0.28416008,-0.1232611,0
23534804,0.9572277,-0.0049438206,0.000595533,-0.2892929,0.029041382,-0.13133793,9.447054,1.0528291,-0.26236367,-0.03781715,0
23551471,0.95722765,-0.0049407086,0.00059158163,-0.28929308,0.0060322285,-0.1027878,9.441526,1.1058218,-0.35339123,-0.055220976,0
23568138,0.95723146,-0.004941814,0.0005872579,-0.28928033,-0.019862715,-0.0638039,9.447327,1.0790056,-0.3646352,0.037733912,0
23584805,0.95723397,-0.004937764,0.000578466,-0.28927204,-0.04566483,-0.061769832,9.459443,1.121753,-0.38367823,0.0052954257,0
23601472,0.9572497,-0.00508575,0.00055757037,-0.2892177,-0.06525985,-0.06416199,9.463321,1.1087034,-0.39581865,-0.055553943,0
23618139,0.9572483,-0.005094135,0.0005524958,-0.28922218,-0.08018753,-0.08882501,9.464257,1.0346698,-0.38471553,-0.08749298,0
23634806,0.9572484,-0.005102297,0.0005536278,-0.28922147,-0.083112635,-0.085148446,9.454873,1.0237972,-0.34382486,-0.049727052,0
23651473,0.95724964,-0.0051124287,0.000552178,-0.28921756,-0.047481403,-0.08076983,9.470927,1.0160109,-0.3650834,-0.026611593,0
23668140,0.95724523,-0.005110124,0.0005588138,-0.28923222,-0.007001339,-0.085188836,9.463929,1.0816178,-0.2865933,-0.16001534,0
23684807,0.9572433,-0.005113565,0.00056309777,-0.28923845,0.02726293,-0.096242465,9.469896,1.048603,-0.31379396,-0.09973584,0
23701474,0.95724386,-0.005114309,0.00056244934,-0.28923663,0.025367161,-0.11478254,9.475696,1.076201,-0.34108433,-0.04213289,0
23718141,0.95724577,-0.005106012,0.0005622702,-0.28923047,-0.0008089134,-0.1117195,9.459349,1.1348795,-0.3200819,-0.01059085,0
23734808,0.95724756,-0.005104907,0.00056198693,-0.28922442,-0.06424393,-0.1071735,9.429279,1.0878673,-0.33503968,-0.011500102,0
23751475,0.95724726,-0.005110945,0.0005577098,-0.28922543,-0.08350163,-0.08211822,9.463834,1.0487567,-0.37544373,-0.062341306,0
23768142,0.9572454,-0.005111186,0.0005611084,-0.28923157,-0.07121901,-0.06131258,9.448654,1.0716546,-0.31343538,-0.098903425,0
23784809,0.95724523,-0.0051066917,0.0005639627,-0.28923216,-0.021671576,-0.05618638,9.471393,1.1038498,-0.3079927,-0.05925498,0
23801476,0.95724726,-0.005116763,0.00056167116,-0.2892252,-0.026628088,-0.057350557,9.447676,1.0180984,-0.3711408,-0.005237797,0
23818143,0.95724696,-0.005109008,0.0005701182,-0.28922623,-0.008095645,-0.077236,9.453177,1.1140307,-0.26477128,-0.06227728,0
23834810,0.9572479,-0.0051063322,0.0005722798,-0.28922305,-0.038907878,-0.11743688,9.449564,1.0930668,-0.31639367,-0.032003064,0
23851477,0.9572485,-0.0051028156,0.0005653755,-0.28922138,-0.025839927,-0.12818839,9.471005,1.1167072,-0.37441924,-0.042888463,0
23868144,0.95724803,-0.005109368,0.0005625271,-0.28922272,-0.015256141,-0.14343533,9.459714,1.0424304,-0.36768305,-0.064761706,0
23884811,0.95725024,-0.005112322,0.000561165,-0.2892153,-0.026136836,-0.121913835,9.44234,1.0634073,-0.35108608,-0.0018185019,0
23901478,0.95725197,-0.0051185335,0.0005649623,-0.2892093,-0.02267801,-0.07373419,9.436534,1.0318141,-0.32359087,-0.011628166,0
23918145,0.9572522,-0.005113739,0.00056234055,-0.28920898,-0.032678112,-0.040373143,9.466708,1.116925,-0.34379932,-0.052544456,0
23934812,0.95725065,-0.0051089353,0.00056090846,-0.28921407,-0.053992394,-0.046842456,9.432307,1.1143893,-0.33582094,-0.09160382,0
23951479,0.95724803,-0.0051051867,0.00054613873,-0.2892229,-0.024085503,-0.0706808,9.458886,1.1338806,-0.42568302,-0.11893257,0
23968146,0.95724875,-0.005107802,0.00055329275,-0.28922045,-0.03831059,-0.115509406,9.440755,1.0484238,-0.29449484,-0.037061576,0
23984813,0.9572499,-0.005107832,0.00055199204,-0.28921658,-0.04905454,-0.11627862,9.4655,1.0823735,-0.34513113,-0.02729033,0
24001480,0.95725113,-0.005104939,0.0005467466,-0.28921285,-0.061640132,-0.10016471,9.438512,1.1095997,-0.36537796,-0.02831484,0
24018147,0.95725286,-0.0051125158,0.0005545952,-0.28920692,-0.042818334,-0.08251933,9.429175,1.0147175,-0.30024484,-0.012268483,0
24034814,0.9572491,-0.005121859,0.00055204803,-0.28921905,0.0033404664,-0.07658896,9.433863,1.0236307,-0.37161463,-0.14216328,0
24051481,0.95724887,-0.005116074,0.0005514386,-0.2892198,-0.007404797,-0.07329115,9.426216,1.1193455,-0.32914883,-0.060215462,0
24068148,0.9572537,-0.005104775,0.00055405905,-0.28920403,-0.014744972,-0.093818225,9.460773,1.1492611,-0.29752997,0.058518615,0
24084815,0.9572529,-0.0051099015,0.0005624306,-0.28920648,-0.057450358,-0.086463004,9.43709,1.0296496,-0.29167745,-0.07230465,0
24101482,0.9572505,-0.0051103067,0.0005788295,-0.28921452,-0.078759275,-0.11306924,9.435984,1.0446332,-0.22940013,-0.11220923,0
24118149,0.9572494,-0.0051177135,0.00058941875,-0.28921795,-0.059171118,-0.093912,9.44311,1.0103122,-0.28189337,-0.07930973,0
24134816,0.95724785,-0.005128579,0.0006003088,-0.28922296,-0.03691494,-0.096036494,9.466781,0.9869277,-0.286875,-0.09037441,0
24151483,0.95724976,-0.0051206816,0.000609941,-0.28921658,-1.7310289e-05,-0.086688735,9.450504,1.1130446,-0.25831687,-0.008746737,0
24168150,0.95724916,-0.00511657,0.0006085753,-0.2892185,0.008238102,-0.060034126,9.449943,1.1099583,-0.3378827,-0.06866764,0
24184817,0.9572488,-0.0051184483,0.0006142068,-0.28922004,-0.02137573,-0.064151116,9.45167,1.0565301,-0.3037026,-0.06588867,0
24201484,0.9572465,-0.005117735,0.00061769487,-0.28922772,-0.045893822,-0.08897916,9.477654,1.0777631,-0.3124493,-0.11009618,0
24218151,0.9572444,-0.0051245815,0.00061796664,-0.28923446,-0.059748493,-0.119034514,9.4568615,1.0343624,-0.34878093,-0.1034753,0
24234818,0.9572431,-0.005115034,0.0006277935,-0.2892388,-0.061004188,-0.119666494,9.476597,1.1233921,-0.25350168,-0.08566167,0
24251485,0.9572419,-0.0051099253,0.00063957745,-0.28924283,-0.05302805,-0.09705119,9.469302,1.0904158,-0.24958293,-0.083394945,0
24268152,0.9572399,-0.00510731,0.0006416396,-0.2892494,-0.024048865,-0.07420313,9.452968,1.09331,-0.31854516,-0.10196416,0
24284819,0.95723987,-0.005115006,0.0006520298,-0.28924933,0.0053241593,-0.0697325,9.434625,1.0089674,-0.28449303,-0.054209273,0
24301486,0.957239,-0.0051008747,0.0006558919,-0.28925246,0.012358779,-0.08622392,9.466664,1.1654611,-0.28387836,-0.0770302,0
24318153,0.9572383,-0.0050978684,0.0006504993,-0.2892549,-0.021424487,-0.100203596,9.46436,1.1105857,-0.36687627,-0.07254797,0
24334820,0.95723677,-0.005092024,0.0006537042,-0.28926006,-0.05544593,-0.11069203,9.46846,1.1122763,-0.30454782,-0.09187276,0
24351487,0.9572367,-0.0050893696,0.0006653247,-0.2892602,-0.06967965,-0.105492465,9.472168,1.0745745,-0.25580686,-0.055477113,0
24368154,0.9572354,-0.005087299,0.0006824955,-0.2892651,-0.050958198,-0.08894643,9.471021,1.0597575,-0.22039726,-0.0893499,0
24384821,0.9572332,-0.005087199,0.00070410094,-0.2892718,-0.025715677,-0.07370873,9.452913,1.0379994,-0.19515596,-0.102578856,0
24401488,0.9572329,-0.005081995,0.00071073,-0.2892732,-0.015854008,-0.05574793,9.469775,1.1013781,-0.2837887,-0.06453119,0
24418155,0.9572321,-0.0050839833,0.0007222321,-0.28927583,-0.03240193,-0.07575831,9.439973,1.0442744,-0.26597506,-0.07347002,0
24434822,0.95723146,-0.005081953,0.0007353979,-0.28927803,-0.015121855,-0.103569716,9.465132,1.0673132,-0.24709854,-0.070332475,0
24451489,0.9572282,-0.005083115,0.0007473577,-0.28928894,-0.012670252,-0.13647604,9.448705,1.0487312,-0.26104462,-0.1329299,0
24468156,0.95723075,-0.0050797164,0.00076084735,-0.28928012,-0.033022244,-0.1460065,9.468489,1.0759063,-0.24260347,0.008740333,0
24484823,0.9572307,-0.005085801,0.00076839176,-0.28928003,-0.02828312,-0.10241561,9.449318,1.0254493,-0.30030888,-0.05418367,0
24501490,0.9572312,-0.0050807325,0.0007866195,-0.2892782,-0.038507562,-0.06443674,9.4343815,1.077699,-0.20789827,-0.041223638,0
24518157,0.95723146,-0.0050933165,0.0007932307,-0.28927773,-0.042276602,-0.024175294,9.463335,0.9844818,-0.3194672,-0.050994888,0
24534824,0.9572297,-0.0050895987,0.0008006584,-0.2892833,-0.0390345,-0.033406287,9.480906,1.0900187,-0.28149638,-0.09481821,0
24551491,0.9572294,-0.0050861784,0.0008020029,-0.28928432,-0.056245204,-0.051546793,9.437308,1.1000718,-0.32233584,-0.06218763,0
24568158,0.95723325,-0.005083485,0.0008037967,-0.2892714,-0.06963785,-0.09299932,9.447798,1.0943218,-0.32143942,0.03783636,0
24584825,0.9572299,-0.0050810273,0.00079647056,-0.2892827,-0.083445005,-0.11190008,9.472781,1.1108675,-0.38116822,-0.13627236,0
24601492,0.9572253,-0.005084538,0.00079960003,-0.28929782,-0.028919766,-0.13261378,9.464036,1.0507802,-0.32424396,-0.16346027,0
24618159,0.95722276,-0.0050848434,0.0008019228,-0.28930628,0.012340397,-0.12343506,9.466577,1.0736011,-0.32345,-0.11569257,0
24634826,0.9572243,-0.005076326,0.00081399,-0.28930125,0.03158988,-0.10815456,9.462212,1.1124686,-0.2421681,-0.018274663,0
24651493,0.95722306,-0.0050870962,0.00080793496,-0.28930503,0.010063023,-0.09063988,9.440713,1.0215945,-0.3993404,-0.08258814,0
24668160,0.95722204,-0.0050759995,0.00080613676,-0.28930902,-0.062127557,-0.069784075,9.464572,1.1570857,-0.32774013,-0.08342056,0
24684827,0.95722055,-0.0050689066,0.00081219274,-0.28931403,-0.07478236,-0.0711967,9.464493,1.1150553,-0.28407046,-0.09068177,0
24701494,0.9572224,-0.005063616,0.00080980867,-0.28930777,-0.08658115,-0.09314998,9.45201,1.1199473,-0.34376088,-0.010091403,0
24718161,0.95722204,-0.0050674304,0.0008282655,-0.28930876,-0.05220624,-0.10828666,9.454584,1.0185977,-0.22461057,-0.061239965,0
24734828,0.95722264,-0.005066969,0.0008388291,-0.28930676,-0.02902567,-0.084129065,9.429749,1.062498,-0.26822898,-0.04036561,0
24751495,0.9572254,-0.005061368,0.0008491682,-0.28929767,-0.0018960071,-0.06790459,9.464792,1.0968319,-0.25975123,0.010610062,0
24768162,0.95722276,-0.005056368,0.00084592024,-0.28930628,0.0022866374,-0.08592026,9.432934,1.119704,-0.3496646,-0.11701163,0
24784829,0.9572206,-0.0050581126,0.0008452191,-0.28931376,-0.0034390485,-0.09149388,9.455301,1.0702716,-0.34629652,-0.108700305,0
24801496,0.9572209,-0.0050591743,0.00085301575,-0.28931284,-0.035810996,-0.11980102,9.456879,1.0579518,-0.28926986,-0.048023816,0
24818163,0.9572225,-0.005062166,0.0008552472,-0.28930745,-0.060273282,-0.119165614,9.456685,1.0562998,-0.32993,-0.016187226,0
24834830,0.95722395,-0.0050523607,0.000855002,-0.28930295,-0.06950774,-0.108712286,9.45458,1.1456368,-0.32082468,-0.022526368,0
24851497,0.9572266,-0.005057883,0.0008561306,-0.28929406,-0.07518857,-0.0716793,9.463913,1.0420592,-0.34254426,0.008625077,0
24868164,0.95722616,-0.005061915,0.0008628759,-0.2892952,-0.018280353,-0.06269519,9.463405,1.040612,-0.30238354,-0.063058466,0
24884831,0.95722187,-0.0050615896,0.0008721044,-0.2893094,-0.02187367,-0.05352294,9.424311,1.0642396,-0.2768605,-0.1566857,0
24901498,0.95722127,-0.005065109,0.0008849161,-0.28931123,-0.01423013,-0.075297214,9.466847,1.0317885,-0.2613648,-0.067822434,0
24918165,0.95722264,-0.005067883,0.0008811381,-0.28930667,-0.02948971,-0.10261465,9.433816,1.0696824,-0.3692839,-0.022090953,0
24934832,0.95722073,-0.0050726007,0.0008842959,-0.28931275,-0.03954315,-0.11040049,9.4609995,1.0430835,-0.32712537,-0.09828873,0
24951499,0.95722175,-0.0050694635,0.0008972651,-0.28930983,-0.052281223,-0.11278751,9.430113,1.0753428,-0.24729063,-0.033258088,0
24968166,0.95722324,-0.005071421,0.00090393185,-0.28930482,-0.048207555,-0.10550032,9.456294,1.0544814,-0.2990411,-0.018658852,0
24984833,0.9572231,-0.005068664,0.00090411253,-0.28930512,-0.037885055,-0.07882275,9.443531,1.0983814,-0.33219668,-0.057001058,0
25001500,0.9572256,-0.0050683105,0.0009169531,-0.28929693,-0.03686206,-0.07565936,9.461199,1.0574011,-0.25401393,0.004501432,0
25018167,0.9572257,-0.005066689,0.000914696,-0.2892967,-0.031059353,-0.06815025,9.433053,1.0957177,-0.3505738,-0.05338967,0
25034834,0.9572234,-0.0050658984,0.0009097065,-0.2893042,-0.040673133,-0.07851463,9.44534,1.0956664,-0.36992416,-0.10914851,0
25051501,0.9572247,-0.0050629205,0.00090977486,-0.28929985,-0.044289004,-0.09990749,9.461642,1.0999566,-0.33277303,-0.023538072,0
25068168,0.9572239,-0.0050618155,0.0009162705,-0.28930268,-0.028844189,-0.11463523,9.481674,1.0748688,-0.29395694,-0.0750324,0
25084835,0.9572244,-0.0050585503,0.0009175502,-0.2893008,-0.045135774,-0.10679849,9.470843,1.0995468,-0.32416713,-0.04136451,0
25101502,0.95722705,-0.0050605317,0.0009319822,-0.289292,-0.035189968,-0.08361626,9.464854,1.0389601,-0.24834074,0.008791558,0
25118169,0.95722646,-0.005059398,0.00093550945,-0.289294,-0.012635264,-0.07904964,9.460148,1.0811312,-0.31352502,-0.06916709,0
25134836,0.95722663,-0.005058193,0.00093370327,-0.28929332,-0.024945512,-0.061988343,9.459471,1.0921831,-0.34855044,-0.050149664,0
25151503,0.95722437,-0.00505442,0.0009309456,-0.28930074,-0.03756942,-0.068049386,9.45107,1.1108164,-0.34939563,-0.10830329,0
25168170,0.9572241,-0.005050081,0.00094024435,-0.28930223,-0.055665474,-0.09291838,9.45803,1.0905823,-0.26916388,-0.065261155,0
25184837,0.95722294,-0.005050399,0.0009372519,-0.2893059,-0.05595466,-0.10885928,9.443691,1.0843713,-0.35930774,-0.08152522,0
25201504,0.95722497,-0.0050430843,0.0009367424,-0.28929928,-0.04022094,-0.11835061,9.432858,1.1297953,-0.3282139,-0.0073764576,0
25218171,0.95722693,-0.0050472724,0.0009435842,-0.28929266,-0.016057845,-0.11703523,9.446208,1.0395105,-0.3027421,-0.0070691044,0
25234838,0.9572233,-0.005048251,0.0009509568,-0.28930464,-0.01776814,-0.10206001,9.455057,1.0595526,-0.2921384,-0.14074177,0
25251505,0.95722467,-0.0050627063,0.00095383683,-0.28929994,-0.01514316,-0.0912014,9.44262,0.9798716,-0.3491011,-0.021271348,0
25268172,0.957227,-0.0050651464,0.00094743836,-0.28929204,-0.03632126,-0.07464541,9.448763,1.0774558,-0.38634193,0.0009924921,0
25284839,0.95722866,-0.0050610057,0.00094368146,-0.28928688,-0.04561593,-0.088483915,9.453986,1.1155163,-0.35578603,-0.017826438,0
25301506,0.95722836,-0.0050610285,0.00094963546,-0.28928775,-0.069389865,-0.11086876,9.454569,1.0687348,-0.29996312,-0.06117594,0
25318173,0.9572273,-0.0050672437,0.0009651868,-0.28929123,-0.09880951,-0.09709951,9.43159,1.0089803,-0.24912192,-0.0794634,0
25334840,0.9572222,-0.005089452,0.0009288771,-0.28930777,-0.0779309,-0.03782487,9.56977,1.0067648,-0.6219275,-0.17545979,0
25351507,0.95721936,-0.0050795875,0.00089869613,-0.28931752,0.052978273,0.0050381785,9.197451,1.2056473,-0.5181449,-0.1258096,0
25368174,0.957219,-0.005069585,0.000903838,-0.28931892,0.021203015,-0.1639853,9.799253,1.1360961,-0.2855304,-0.06482574,0
25384841,0.95722324,-0.0050633787,0.0009492918,-0.28930476,-0.054861013,-0.20859557,9.226796,1.0312248,-0.028212387,0.048273534,0
25401508,0.95722705,-0.00506897,0.0009755927,-0.28929204,-0.10725675,-0.22356667,9.657729,0.9919093,-0.17773935,0.037362527,0
25418175,0.95722604,-0.00507115,0.0009923208,-0.2892953,-0.068938635,-0.09250624,9.249027,1.0337094,-0.2335238,-0.07781138,1
25434842,0.95721984,-0.0050826874,0.0010133788,-0.2893156,0.02427722,-0.04436385,9.637096,0.96335125,-0.22311221,-0.20076515,0
25451509,0.95721686,-0.0050922916,0.001003458,-0.28932518,0.086439155,0.014921778,9.260227,1.0376153,-0.42341632,-0.12414476,0
25468176,0.9572215,-0.0050869584,0.0010098948,-0.28930983,0.02315249,-0.0086193755,9.599434,1.1033503,-0.28668293,0.05548351,0
25484843,0.9572288,-0.0050739106,0.00099009,-0.28928602,-0.105797194,-0.031366184,9.321411,1.20607,-0.44423947,0.11569896,0
25501510,0.9572328,-0.0050608455,0.0009897343,-0.28927287,-0.16916592,-0.08955513,9.539862,1.1673437,-0.31598386,0.039513994,0
25518177,0.9572235,-0.0050638993,0.00097550626,-0.28930354,-0.1192323,-0.14939526,9.377529,1.088751,-0.43802837,-0.2757335,0
25534844,0.9572161,-0.005062244,0.0009933676,-0.2893285,-0.021110019,-0.20758496,9.536767,1.0560564,-0.21787442,-0.23317802,0
25551511,0.9572176,-0.005073647,0.000992086,-0.28932285,0.042440835,-0.15615289,9.426315,1.0086089,-0.37093592,-0.015137107,0
25568178,0.9572221,-0.0050759213,0.0010134247,-0.2893078,0.04398821,-0.086748034,9.48486,1.0238677,-0.2040884,0.053901922,0
25584845,0.9572227,-0.005071606,0.0010072566,-0.28930625,-0.025003366,0.006356002,9.427587,1.121881,-0.37133288,-0.043733682,0
25601512,0.9572522,-0.00486604,0.0009451253,-0.28921258,-0.059597682,-0.029377403,9.455565,1.046298,-0.32137534,-0.14733705,0
25618179,0.95724845,-0.0048687365,0.0009395547,-0.28922445,-0.074909724,-0.09278369,9.464264,1.0716288,-0.37927282,-0.14221449,0
25634846,0.9572503,-0.0048629115,0.00094554934,-0.28921843,-0.07841429,-0.14082696,9.453189,1.1048485,-0.28693902,-0.013139314,0
25651513,0.95725316,-0.00486797,0.0009395722,-0.2892088,-0.087298065,-0.13344064,9.493528,1.0571705,-0.38760978,0.012069984,0
25668180,0.9572578,-0.0048746755,0.00095853227,-0.28919363,-0.0752125,-0.0858707,9.415863,0.9968399,-0.22708218,0.053075913,0
25684847,0.957258,-0.004882795,0.0009494969,-0.28919297,-0.020508228,-0.052704953,9.488858,1.043122,-0.41372192,-0.052045006,0
25701514,0.9572538,-0.004876375,0.000956466,-0.2892068,0.05897116,-0.054355677,9.423888,1.1068207,-0.27893507,-0.15544347,0
25718181,0.95725566,-0.0048732515,0.00094544544,-0.28920066,0.07718651,-0.10152681,9.517956,1.120895,-0.4043861,-0.012960027,0
25734848,0.9572598,-0.0048719817,0.0009590555,-0.2891871,0.0021263673,-0.11511168,9.406,1.05986,-0.24597158,0.04128127,0
25751515,0.95726395,-0.00487292,0.00095187605,-0.28917322,-0.111203186,-0.124528766,9.488405,1.0866894,-0.38712317,0.042510677,0
25768182,0.9572643,-0.004874529,0.000944907,-0.28917187,-0.15112397,-0.10262091,9.404132,1.0818484,-0.38680297,-0.047345072,0
25784849,0.95725554,-0.004867554,0.000955633,-0.28920093,-0.10616435,-0.08133081,9.509112,1.1030685,-0.25246435,-0.26475844,0
25801516,0.9572557,-0.0048708403,0.00096643495,-0.2892006,0.009778293,-0.06310269,9.397308,1.0354509,-0.27356926,-0.054004375,0
25818183,0.95725673,-0.0048719784,0.0009775361,-0.28919718,0.04206579,-0.060230628,9.46172,1.0489106,-0.26734537,-0.03168291,0
25834850,0.9572617,-0.0048823557,0.0009617235,-0.28918073,-0.00019040512,-0.046806946,9.42394,1.041662,-0.46314168,0.060862184,0
25851517,0.9572613,-0.004878793,0.00095045846,-0.28918153,-0.06506574,-0.0896245,9.486469,1.1240966,-0.40480873,-0.06295601,0
25868184,0.95725477,-0.004882984,0.0009431406,-0.28920355,-0.09167085,-0.1228841,9.439246,1.065277,-0.39355192,-0.21490334,0
25884851,0.95724756,-0.00488317,0.00094191724,-0.2892274,-0.04747792,-0.1481141,9.486751,1.0795432,-0.3455537,-0.22809385,0
25901518,0.957251,-0.004892848,0.00094895595,-0.28921568,-0.004897774,-0.13522372,9.470295,1.0009123,-0.31134802,0.027463218,0
25918185,0.9572545,-0.0048901485,0.00096013723,-0.28920406,-0.0042769355,-0.07259397,9.467232,1.074203,-0.25940543,0.027399184,0
25934852,0.9572531,-0.004882547,0.0009624357,-0.28920895,-0.012399105,-0.024463799,9.449446,1.1241863,-0.30745485,-0.09160382,0
25951519,0.9572527,-0.004880896,0.0009636347,-0.28921026,-0.01280718,-0.056540944,9.437564,1.0870093,-0.32657468,-0.066016726,0
25968186,0.95724976,-0.004887228,0.0009604906,-0.28921986,-0.01465792,-0.09849282,9.448347,1.0430197,-0.37070543,-0.12569433,0
25984853,0.95725054,-0.0048791477,0.00095528655,-0.2892174,-0.026060194,-0.15120941,9.457178,1.1420381,-0.3560037,-0.03916182,0
26001520,0.957256,-0.0048650834,0.00096312223,-0.28919944,-0.0680293,-0.15362532,9.465123,1.1556386,-0.2588163,0.072592795,0
26018187,0.95726013,-0.00486977,0.00097478554,-0.2891857,-0.09397842,-0.10706914,9.4578905,1.0247449,-0.27082872,0.042369813,0
26034854,0.95725965,-0.0048731775,0.00097357377,-0.2891873,-0.060880553,-0.06400939,9.468764,1.0588098,-0.35259718,-0.068411514,0
26051521,0.95725626,-0.004875612,0.0009833853,-0.28919864,-0.020319024,-0.056849767,9.442071,1.0432117,-0.27783376,-0.13780914,0
26068188,0.95725626,-0.0048695914,0.0009806785,-0.28919873,0.007522486,-0.044765834,9.44472,1.1237508,-0.34377366,-0.057410862,0
26084855,0.9572592,-0.004853302,0.0009731675,-0.28918922,-0.0032868295,-0.05773225,9.472288,1.2007682,-0.35523534,0.01159615,0
26101522,0.9572632,-0.004855969,0.00096929225,-0.28917596,-0.07413356,-0.09337701,9.473709,1.068786,-0.3690406,0.03841265,0
26118189,0.9572647,-0.004852939,0.0009813836,-0.2891709,-0.10575771,-0.12430587,9.461252,1.0744847,-0.25243875,-0.01982423,0
26134856,0.957262,-0.0048492616,0.0009918901,-0.28917986,-0.05703748,-0.14880367,9.461951,1.081874,-0.26123673,-0.120891936,0
26151523,0.9572594,-0.004855485,0.0009956657,-0.2891882,-0.020706058,-0.13598257,9.459036,1.0302515,-0.32529408,-0.11646094,0
26168190,0.9572586,-0.0048569515,0.0010029577,-0.2891909,0.022995371,-0.09908034,9.453367,1.0547628,-0.29285556,-0.07569832,0
26184857,0.95725757,-0.00485328,0.0010031948,-0.28919417,0.019600293,-0.047249336,9.42978,1.102582,-0.32891828,-0.080231786,0
26201524,0.9572569,-0.004845299,0.0010064259,-0.28919697,-0.00093289407,-0.051363718,9.408837,1.1249163,-0.3005394,-0.07650513,0
26218191,0.95725554,-0.0048455824,0.0009978631,-0.2892014,-0.056936532,-0.088217214,9.491945,1.0939119,-0.39446118,-0.08868397,0
26234858,0.9572534,-0.0048446967,0.0009872544,-0.28920844,-0.11162809,-0.1128629,9.473172,1.1056426,-0.40556428,-0.10763737,0
26251525,0.9572545,-0.0048430427,0.0009890032,-0.28920457,-0.10438766,-0.1320945,9.459086,1.0861129,-0.3232579,-0.028750254,0
26268192,0.9572549,-0.004838443,0.000993091,-0.28920376,-0.07919638,-0.09196894,9.466966,1.100994,-0.3020506,-0.050597887,0
26284859,0.95725334,-0.0048446218,0.0009973074,-0.28920865,-0.027285747,-0.06060459,9.452007,1.0297523,-0.32251516,-0.09152699,0
26301526,0.9572531,-0.00484965,0.0010024743,-0.28920913,0.01407695,-0.058216155,9.465408,1.0352716,-0.31413975,-0.05992091,0
26318193,0.9572508,-0.0048450856,0.00101579,-0.28921723,0.03060542,-0.06305392,9.424196,1.082335,-0.2410155,-0.1141686,0
26334860,0.95725226,-0.004839718,0.0010121282,-0.28921226,0.020211983,-0.097153395,9.447345,1.1213944,-0.35147026,-0.021104863,0
26351527,0.9572538,-0.0048389854,0.0010203979,-0.28920704,-0.0109444065,-0.13264877,9.467644,1.0671594,-0.28205985,-0.018876558,0
26368194,0.9572545,-0.004841212,0.0010192561,-0.28920454,-0.053522993,-0.13865545,9.461989,1.0664424,-0.34972858,-0.038764816,0
26384861,0.9572553,-0.004839289,0.001028172,-0.28920203,-0.06396741,-0.118171364,9.42578,1.073806,-0.27531093,-0.03849589,0
26401528,0.95725834,-0.0048396923,0.001033142,-0.28919196,-0.0560122,-0.08304036,9.446005,1.066468,-0.30625108,0.015745407,0
26418195,0.9572588,-0.0048353043,0.0010412699,-0.28919032,-0.029229091,-0.046183243,9.460534,1.0916709,-0.2756823,-0.044604514,0
26434862,0.957262,-0.00484566,0.0010476753,-0.28917962,-0.027610624,-0.033119578,9.452803,0.9979795,-0.3166498,0.020176403,0
26451529,0.9572569,-0.0048449733,0.001048414,-0.28919634,-0.04927861,-0.048999336,9.4738245,1.081746,-0.33099288,-0.17674044,0
26468196,0.957256,-0.0048490223,0.0010454461,-0.28919968,-0.041736256,-0.09303571,9.450902,1.0578877,-0.36530113,-0.08062878,0
26484863,0.9572544,-0.004852781,0.0010393371,-0.28920496,-0.05721598,-0.11803217,9.520389,1.0660838,-0.38534302,-0.094869435,0
26501530,0.95725155,-0.0048577376,0.0010412805,-0.28921446,-0.044926584,-0.11521507,9.413561,1.0421743,-0.33462995,-0.124785066,0
26518197,0.9572519,-0.004858562,0.0010434247,-0.2892132,-0.050406903,-0.10513959,9.50498,1.0690036,-0.32547337,-0.047870133,0
26534864,0.9572532,-0.0048616445,0.0010581173,-0.2892088,-0.027374642,-0.07288703,9.430245,1.0293807,-0.24752115,-0.02448574,0
26551531,0.9572491,-0.0048682927,0.001046499,-0.2892224,0.0048046424,-0.07779814,9.483222,1.058131,-0.42710453,-0.15475191,0
26568198,0.9572484,-0.0048626373,0.0010395919,-0.28922483,0.021177083,-0.08206115,9.423626,1.1297187,-0.37194765,-0.074353665,0
26584865,0.9572547,-0.004862507,0.001029525,-0.2892035,-0.0017110626,-0.09121845,9.475383,1.0996493,-0.40447575,0.09607963,0
26601532,0.9572601,-0.004853566,0.0010198797,-0.2891858,-0.052895818,-0.09180659,9.430876,1.1567912,-0.38395998,0.07021081,0
26618199,0.9572605,-0.0048412066,0.0010128337,-0.28918493,-0.09194227,-0.08942893,9.48544,1.1739773,-0.35949987,-0.050392985,0
26634866,0.95725805,-0.0048381016,0.0010133454,-0.28919303,-0.06598631,-0.09217463,9.4656315,1.0981382,-0.327945,-0.11491137,0
26651533,0.95725584,-0.0048393956,0.001027011,-0.28920045,-0.061046403,-0.060600787,9.450092,1.0430835,-0.25019765,-0.10950709,0
26668200,0.95725393,-0.004839274,0.0010305165,-0.28920668,-0.026702221,-0.055753533,9.447743,1.0725253,-0.31434467,-0.10136226,0
26684867,0.95725524,-0.004840674,0.001035793,-0.28920224,-0.011768267,-0.071344554,9.4415,1.058925,-0.30608457,-0.024600996,0
26701534,0.95725656,-0.0048441063,0.0010361427,-0.28919774,-0.013540692,-0.087245256,9.451413,1.0553905,-0.342493,-0.02466503,0
26718201,0.95725644,-0.0048541883,0.0010329273,-0.28919783,-0.030009216,-0.107669376,9.456586,1.0186234,-0.37896544,-0.057410855,0
26734868,0.9572569,-0.0048654145,0.001035925,-0.2891963,-0.042146724,-0.12574588,9.460259,0.99879915,-0.34039274,-0.04576989,0
26751535,0.9572594,-0.004861164,0.0010362258,-0.28918803,-0.020819487,-0.11735966,9.45382,1.1061164,-0.32762483,0.0029134448,0
26768202,0.95725733,-0.004870083,0.0010361478,-0.28919464,-0.03056161,-0.094986394,9.463861,1.0202243,-0.355722,-0.104307726,0
26784869,0.9572601,-0.004869588,0.001029879,-0.28918558,-0.03572296,-0.059488364,9.462964,1.094437,-0.37831235,0.008561044,0
26801536,0.95725936,-0.0048668166,0.0010228989,-0.28918782,-0.037957482,-0.059001975,9.438979,1.1108292,-0.3780691,-0.07286813,0
26818203,0.9572584,-0.0048669083,0.0010206538,-0.28919134,-0.032365765,-0.05607603,9.44823,1.0824887,-0.35254595,-0.08184538,0
26834870,0.95725924,-0.0048612906,0.0010158902,-0.2891887,-0.016551498,-0.08658107,9.431819,1.1250699,-0.35797587,-0.03794521,0
26851537,0.9572589,-0.004863924,0.0010257065,-0.28918982,-0.045497682,-0.103480786,9.46572,1.0416876,-0.27824354,-0.064390324,0
26868204,0.9572561,-0.004858149,0.001018454,-0.2891993,-0.029169483,-0.124830246,9.437783,1.131012,-0.37357405,-0.12492595,0
26884871,0.95725733,-0.004855637,0.0010126658,-0.28919515,-0.026242193,-0.10204268,9.486056,1.1067438,-0.3709103,-0.027136654,0
26901538,0.957256,-0.004855992,0.0010032543,-0.2891994,-0.039593328,-0.09108176,9.440389,1.0950006,-0.4001344,-0.08758263,0
26918205,0.957256,-0.0048499214,0.0010219245,-0.28919956,-0.034250125,-0.076165244,9.469369,1.0815668,-0.20268612,-0.05697545,0
26934872,0.957254,-0.0048451954,0.0010244332,-0.28920618,-0.036558192,-0.08483003,9.454568,1.1048359,-0.31147605,-0.10416686,0
26951539,0.95725536,-0.004841475,0.0010325551,-0.2892016,-0.037531078,-0.07851189,9.460787,1.0869838,-0.2769373,-0.023281943,0
26968206,0.95725274,-0.004846674,0.0010203342,-0.2892105,-0.010884269,-0.085189074,9.454181,1.0687475,-0.4280907,-0.12100721,0
26984873,0.95725524,-0.0048466246,0.0010218071,-0.28920224,-0.04035529,-0.09123154,9.469633,1.0761622,-0.32807305,0.0027853807,0
27001540,0.9572583,-0.004847421,0.001021186,-0.28919214,-0.026999936,-0.091997,9.45553,1.0747665,-0.34360716,0.015771018,0
27018207,0.95725685,-0.0048450544,0.0010277395,-0.28919688,-0.04323996,-0.084440604,9.473577,1.0811952,-0.2895643,-0.09033599,0
27034874,0.9572554,-0.0048482027,0.0010413361,-0.2892014,-0.04116773,-0.068784304,9.443395,1.0309687,-0.25418043,-0.08867116,0
27051541,0.9572559,-0.00484749,0.0010459645,-0.2891997,-0.023865316,-0.07866486,9.444898,1.0740749,-0.3057772,-0.044399615,0
27068208,0.95725733,-0.0048525347,0.0010394792,-0.2891953,-0.02880587,-0.07417031,9.449735,1.0582719,-0.39041433,-0.025407797,0
27084875,0.95725816,-0.004848365,0.0010468018,-0.2891926,-0.058424987,-0.09800748,9.449494,1.0914787,-0.2811506,-0.036818255,0
27101542,0.95725536,-0.0048413347,0.0010462047,-0.28920212,-0.052319795,-0.10351539,9.455892,1.1260175,-0.32718942,-0.12500277,0
27118209,0.95725435,-0.004845783,0.0010505988,-0.28920552,-0.030389123,-0.09465114,9.426036,1.0405606,-0.31741816,-0.08106419,0
27134876,0.9572567,-0.004847201,0.001051289,-0.28919733,-0.0047911354,-0.08937461,9.455128,1.0679278,-0.33615384,0.0021578697,0
27151543,0.957259,-0.004845341,0.0010534186,-0.28918967,-0.004005381,-0.08499796,9.448745,1.0868174,-0.3200563,-0.001498343,0
27168210,0.9572616,-0.0048439982,0.0010563188,-0.28918093,-0.020472769,-0.08570675,9.491091,1.0817331,-0.3160095,0.0061662574,0
27184877,0.9572654,-0.0048453477,0.0010606743,-0.28916842,-0.04756316,-0.08855607,9.471411,1.0610253,-0.31187302,0.03326449,0
27201544,0.95726603,-0.004845614,0.0010651308,-0.28916618,-0.0771938,-0.09103095,9.476297,1.0680304,-0.30873552,-0.04046807,0
27218211,0.957266,-0.004835618,0.0010731664,-0.28916654,-0.067351855,-0.10071836,9.452199,1.1284763,-0.26474565,-0.058883596,0
27234878,0.9572638,-0.0048349514,0.0010815883,-0.28917417,-0.04160825,-0.09932879,9.453674,1.06634,-0.2805615,-0.11085176,0
27251545,0.9572647,-0.004837322,0.0010780615,-0.28917068,0.0009118218,-0.08390776,9.460365,1.0701051,-0.36563408,-0.031913426,0
27268212,0.9572657,-0.0048302747,0.00106651,-0.28916752,0.00068975287,-0.09411642,9.479869,1.1481469,-0.39962217,-0.034410663,0
27284879,0.95726615,-0.004827187,0.0010583475,-0.28916624,-0.033098448,-0.08697223,9.456048,1.1151448,-0.3850613,-0.047626812,0
27301546,0.9572655,-0.004822936,0.0010631296,-0.28916842,-0.05367411,-0.10362691,9.440661,1.0971776,-0.29740185,-0.07211255,0
27318213,0.9572643,-0.0048295483,0.0010717228,-0.2891721,-0.03528357,-0.09183082,9.487747,1.0180728,-0.2938929,-0.08301075,0
27334880,0.9572638,-0.0048311152,0.0010767407,-0.28917402,-0.02883752,-0.10190072,9.413323,1.0584512,-0.30745482,-0.07005073,0
27351547,0.9572651,-0.0048322193,0.0010862125,-0.28916997,-0.038964763,-0.096710995,9.499491,1.0527011,-0.27741113,-0.027303137,0
27368214,0.95726585,-0.004831187,0.0011032703,-0.28916702,-0.051227823,-0.058774058,9.434871,1.0516766,-0.22318909,-0.034922916,0
27384881,0.9572617,-0.0048296386,0.0011091074,-0.28918076,-0.035960916,-0.049292587,9.474044,1.0773149,-0.2954425,-0.15509768,0
27401548,0.9572582,-0.0048285928,0.0011132067,-0.2891921,-0.03913058,-0.05361785,9.443194,1.0773662,-0.3079543,-0.13816771,0
27418215,0.95725495,-0.0048196944,0.0010997107,-0.28920344,-0.018887665,-0.10609016,9.483126,1.1638603,-0.40815118,-0.13842385,0
27434882,0.9572565,-0.00481509,0.0010936686,-0.2891983,-0.012573237,-0.11598468,9.446318,1.1209462,-0.36816975,-0.020080358,0
27451549,0.9572548,-0.0048041814,0.0010978623,-0.28920412,-0.05374648,-0.098878525,9.461652,1.1421534,-0.2878355,-0.09807102,0
27468216,0.95725137,-0.004810728,0.0010934469,-0.28921545,-0.044001736,-0.11033895,9.482261,1.044377,-0.3790295,-0.13823172,0
27484883,0.957248,-0.0048191464,0.0011021196,-0.28922647,-0.035821855,-0.095364265,9.448353,1.005958,-0.2966463,-0.13564485,0
27501550,0.9572432,-0.0048321774,0.0011181507,-0.2892421,0.0015001476,-0.10556576,9.432235,0.9610845,-0.25721553,-0.16871086,0
27518217,0.9572451,-0.004828056,0.0011227698,-0.28923565,0.0032770257,-0.101848006,9.452195,1.0966141,-0.298913,-0.010360336,0
